{"type":"FeatureCollection","features":[{"type":"Feature","geometry":{"coordinates":[[[7.595387,47.555807],[7.59552,47.555758],[7.595262,47.555445],[7.595253,47.555433],[7.594879,47.554915],[7.594874,47.554907],[7.594868,47.554899],[7.594862,47.55489],[7.594857,47.554882],[7.59485,47.554874],[7.594844,47.554865],[7.594838,47.554857],[7.594832,47.554849],[7.594825,47.554841],[7.594818,47.554833],[7.594811,47.554825],[7.594804,47.554817],[7.594797,47.55481],[7.594789,47.554802],[7.594782,47.554794],[7.594774,47.554787],[7.594769,47.554781],[7.594763,47.554776],[7.594758,47.554771],[7.594752,47.554766],[7.594747,47.554761],[7.594741,47.554756],[7.594735,47.554751],[7.594729,47.554746],[7.594724,47.554741],[7.594718,47.554736],[7.594712,47.554731],[7.594705,47.554727],[7.594699,47.554722],[7.594693,47.554717],[7.594687,47.554712],[7.59468,47.554708],[7.594671,47.554701],[7.594661,47.554694],[7.594651,47.554687],[7.594641,47.554681],[7.594631,47.554674],[7.59462,47.554668],[7.59461,47.554662],[7.594599,47.554656],[7.594591,47.554651],[7.594582,47.554646],[7.594573,47.554642],[7.594565,47.554637],[7.594556,47.554632],[7.594547,47.554628],[7.594538,47.554624],[7.594529,47.554619],[7.594519,47.554615],[7.59451,47.554611],[7.594501,47.554607],[7.594491,47.554603],[7.594482,47.554599],[7.594472,47.554595],[7.594463,47.554592],[7.594453,47.554588],[7.594445,47.554585],[7.594438,47.554582],[7.59443,47.554579],[7.594422,47.554576],[7.594414,47.554573],[7.594406,47.55457],[7.594398,47.554567],[7.59439,47.554564],[7.594382,47.554562],[7.594374,47.554559],[7.594366,47.554556],[7.594358,47.554554],[7.594349,47.554551],[7.594341,47.554549],[7.594333,47.554546],[7.594325,47.554544],[7.593585,47.554325],[7.592975,47.554133],[7.592317,47.553926],[7.59231,47.553923],[7.592302,47.55392],[7.592294,47.553917],[7.592287,47.553913],[7.592279,47.55391],[7.592272,47.553907],[7.592264,47.553903],[7.592257,47.553899],[7.59225,47.553895],[7.592243,47.553892],[7.592236,47.553888],[7.59223,47.553884],[7.592223,47.553879],[7.592217,47.553875],[7.592211,47.553871],[7.592204,47.553866],[7.592198,47.553862],[7.592192,47.553857],[7.592187,47.553852],[7.592181,47.553848],[7.592176,47.553843],[7.59217,47.553838],[7.592165,47.553833],[7.59216,47.553828],[7.592155,47.553823],[7.592151,47.553817],[7.592146,47.553812],[7.592142,47.553807],[7.592138,47.553802],[7.592134,47.553796],[7.59213,47.553791],[7.592126,47.553785],[7.592121,47.553777],[7.592115,47.553769],[7.592077,47.553707],[7.592064,47.553712],[7.592051,47.553716],[7.592037,47.55372],[7.592024,47.553724],[7.59201,47.553728],[7.591996,47.553732],[7.591982,47.553736],[7.591968,47.553739],[7.591954,47.553742],[7.59194,47.553745],[7.591926,47.553748],[7.591912,47.553751],[7.591897,47.553754],[7.591883,47.553756],[7.591868,47.553758],[7.591854,47.55376],[7.591024,47.553862],[7.591008,47.553864],[7.590991,47.553866],[7.590974,47.553867],[7.590958,47.553869],[7.590941,47.553871],[7.590925,47.553873],[7.590908,47.553875],[7.590892,47.553877],[7.590854,47.553882],[7.590816,47.553886],[7.590779,47.553891],[7.590741,47.553896],[7.590703,47.553901],[7.590666,47.553906],[7.590628,47.553911],[7.59059,47.553916],[7.590553,47.553921],[7.590515,47.553926],[7.590478,47.553932],[7.59044,47.553937],[7.590403,47.553943],[7.590366,47.553948],[7.590328,47.553954],[7.590291,47.55396],[7.590115,47.553986],[7.589859,47.554024],[7.589685,47.55405],[7.589512,47.554073],[7.589385,47.554089],[7.589126,47.554123],[7.5891,47.554125],[7.589074,47.554128],[7.589048,47.554131],[7.589022,47.554133],[7.588996,47.554136],[7.58897,47.554139],[7.588944,47.554142],[7.588918,47.554145],[7.588883,47.55415],[7.588848,47.554154],[7.588814,47.554159],[7.588779,47.554163],[7.58848,47.554213],[7.587979,47.554296],[7.587974,47.554297],[7.587968,47.554299],[7.587962,47.5543],[7.587956,47.554302],[7.587951,47.554303],[7.587945,47.554305],[7.58794,47.554306],[7.587934,47.554308],[7.587929,47.55431],[7.587923,47.554312],[7.587918,47.554313],[7.587913,47.554315],[7.587907,47.554317],[7.587902,47.554319],[7.587897,47.554321],[7.587892,47.554323],[7.587884,47.554327],[7.587876,47.55433],[7.587868,47.554334],[7.587861,47.554338],[7.587853,47.554341],[7.587846,47.554345],[7.587839,47.554349],[7.587832,47.554353],[7.587825,47.554358],[7.587819,47.554362],[7.587812,47.554367],[7.587806,47.554371],[7.587799,47.554376],[7.587793,47.554381],[7.587787,47.554385],[7.587782,47.55439],[7.587776,47.554395],[7.587771,47.554401],[7.587766,47.554406],[7.587761,47.554411],[7.587756,47.554416],[7.587751,47.554422],[7.587747,47.554427],[7.587742,47.554433],[7.587738,47.554438],[7.587734,47.554444],[7.58773,47.55445],[7.587727,47.554456],[7.587724,47.554462],[7.58772,47.554468],[7.587718,47.554474],[7.587715,47.55448],[7.587366,47.555192],[7.587342,47.555238],[7.587337,47.555246],[7.587333,47.555254],[7.587328,47.555262],[7.587323,47.55527],[7.587318,47.555277],[7.587313,47.555285],[7.587307,47.555293],[7.587302,47.5553],[7.587296,47.555308],[7.58729,47.555315],[7.587284,47.555323],[7.587278,47.55533],[7.587272,47.555337],[7.587265,47.555345],[7.587259,47.555352],[7.587252,47.555359],[7.587244,47.555368],[7.587235,47.555376],[7.587225,47.555386],[7.587214,47.555395],[7.587203,47.555404],[7.587192,47.555413],[7.587181,47.555422],[7.58717,47.555431],[7.587158,47.55544],[7.587146,47.555449],[7.587134,47.555458],[7.587122,47.555466],[7.58711,47.555474],[7.587097,47.555483],[7.587084,47.555491],[7.587071,47.555499],[7.587058,47.555507],[7.587045,47.555514],[7.587032,47.555522],[7.587018,47.555529],[7.587004,47.555537],[7.58699,47.555544],[7.586976,47.555551],[7.586962,47.555558],[7.586948,47.555564],[7.586933,47.555571],[7.586919,47.555577],[7.586904,47.555584],[7.586889,47.55559],[7.586874,47.555596],[7.586859,47.555602],[7.586843,47.555607],[7.586828,47.555613],[7.586812,47.555618],[7.586652,47.555671],[7.585966,47.555892],[7.585935,47.555903],[7.585903,47.555913],[7.585872,47.555924],[7.585841,47.555934],[7.585809,47.555945],[7.585778,47.555956],[7.585747,47.555967],[7.585716,47.555978],[7.585685,47.555989],[7.585654,47.556],[7.585623,47.556012],[7.585592,47.556023],[7.585562,47.556035],[7.585531,47.556046],[7.585501,47.556058],[7.58547,47.55607],[7.585376,47.556108],[7.585281,47.556147],[7.585187,47.556186],[7.585093,47.556224],[7.584998,47.556263],[7.584903,47.556301],[7.584809,47.55634],[7.584714,47.556378],[7.584544,47.556447],[7.584373,47.556516],[7.584261,47.556562],[7.584148,47.556607],[7.584142,47.556611],[7.584135,47.556615],[7.584129,47.556619],[7.584123,47.556623],[7.584117,47.556627],[7.584111,47.556631],[7.584105,47.556635],[7.5841,47.55664],[7.584094,47.556644],[7.584089,47.556649],[7.584084,47.556653],[7.584079,47.556658],[7.584074,47.556663],[7.584069,47.556668],[7.584064,47.556673],[7.58406,47.556678],[7.584055,47.556683],[7.584051,47.556688],[7.584047,47.556693],[7.584043,47.556698],[7.58404,47.556703],[7.584036,47.556708],[7.584033,47.556714],[7.584029,47.556719],[7.584026,47.556725],[7.584023,47.55673],[7.584021,47.556736],[7.584018,47.556741],[7.584016,47.556747],[7.584014,47.556752],[7.584011,47.556758],[7.58401,47.556764],[7.584008,47.556768],[7.584007,47.556772],[7.584006,47.556776],[7.584005,47.55678],[7.584004,47.556784],[7.584003,47.556788],[7.584003,47.556792],[7.584002,47.556796],[7.584002,47.5568],[7.584001,47.556804],[7.584001,47.556808],[7.584,47.556812],[7.584,47.556816],[7.584,47.55682],[7.584,47.556825],[7.584,47.556829],[7.584,47.556833],[7.584001,47.556837],[7.584001,47.556841],[7.584001,47.556845],[7.584002,47.556849],[7.584002,47.556853],[7.584003,47.556857],[7.584004,47.556861],[7.584005,47.556865],[7.584006,47.556869],[7.584007,47.556873],[7.584008,47.556877],[7.584009,47.556881],[7.58401,47.556885],[7.584012,47.556889],[7.584013,47.556893],[7.584094,47.557029],[7.584123,47.557078],[7.584168,47.557153],[7.584174,47.557166],[7.584179,47.55718],[7.584185,47.557193],[7.58419,47.557206],[7.584195,47.557219],[7.584201,47.557232],[7.584206,47.557246],[7.584211,47.557259],[7.584215,47.557272],[7.58422,47.557286],[7.584225,47.557299],[7.584229,47.557312],[7.584234,47.557326],[7.584238,47.557339],[7.584242,47.557352],[7.584246,47.557366],[7.584251,47.557382],[7.584255,47.557398],[7.584259,47.557415],[7.584264,47.557431],[7.584267,47.557442],[7.58427,47.557453],[7.584272,47.557464],[7.584275,47.557476],[7.584278,47.557487],[7.58428,47.557498],[7.584283,47.557509],[7.584285,47.55752],[7.584288,47.557532],[7.58429,47.557543],[7.584292,47.557554],[7.584294,47.557565],[7.584296,47.557577],[7.584298,47.557588],[7.5843,47.557599],[7.584302,47.55761],[7.584304,47.557622],[7.584305,47.557633],[7.584307,47.557644],[7.584309,47.557656],[7.58431,47.557667],[7.584311,47.557678],[7.584313,47.557689],[7.584314,47.557701],[7.584315,47.557712],[7.584316,47.557723],[7.584317,47.557735],[7.584318,47.557746],[7.584318,47.557757],[7.584319,47.557769],[7.58432,47.55778],[7.58432,47.557791],[7.584357,47.558591],[7.584448,47.559162],[7.58445,47.559173],[7.584451,47.559185],[7.584453,47.559196],[7.584454,47.559207],[7.584457,47.559225],[7.58446,47.559243],[7.584463,47.559261],[7.584467,47.559279],[7.58447,47.559297],[7.584474,47.559315],[7.584479,47.559333],[7.584483,47.559351],[7.584488,47.559369],[7.584493,47.559387],[7.584498,47.559405],[7.584503,47.559422],[7.584509,47.55944],[7.584514,47.559458],[7.58452,47.559475],[7.584527,47.559493],[7.584687,47.559853],[7.584695,47.55987],[7.584702,47.559887],[7.58471,47.559904],[7.584718,47.559921],[7.584726,47.559938],[7.584734,47.559954],[7.584742,47.559971],[7.584751,47.559988],[7.584761,47.560007],[7.584771,47.560025],[7.584781,47.560044],[7.584792,47.560062],[7.584802,47.560081],[7.584813,47.560099],[7.584825,47.560118],[7.584836,47.560136],[7.584848,47.560154],[7.58486,47.560172],[7.584872,47.560191],[7.584884,47.560209],[7.584897,47.560227],[7.584909,47.560245],[7.584922,47.560262],[7.584935,47.56028],[7.585103,47.560523],[7.585155,47.560597],[7.585274,47.560749],[7.585646,47.561169],[7.58565,47.561175],[7.585654,47.56118],[7.585658,47.561185],[7.585663,47.56119],[7.585667,47.561196],[7.585672,47.561201],[7.585677,47.561206],[7.585681,47.561211],[7.585686,47.561216],[7.585691,47.561221],[7.585696,47.561226],[7.585702,47.561231],[7.585707,47.561235],[7.585712,47.56124],[7.585718,47.561245],[7.585723,47.561249],[7.58577,47.561284],[7.585817,47.561318],[7.585864,47.561352],[7.585911,47.561386],[7.586068,47.561495],[7.58623,47.561602],[7.586233,47.561603],[7.586235,47.561604],[7.586238,47.561606],[7.586241,47.561607],[7.586244,47.561608],[7.586246,47.561609],[7.586249,47.56161],[7.586252,47.561611],[7.586255,47.561612],[7.586258,47.561613],[7.586261,47.561613],[7.586264,47.561614],[7.586268,47.561615],[7.586271,47.561615],[7.586274,47.561616],[7.586277,47.561617],[7.58628,47.561617],[7.586284,47.561617],[7.586287,47.561618],[7.58629,47.561618],[7.586293,47.561618],[7.586297,47.561618],[7.5863,47.561618],[7.586303,47.561618],[7.586306,47.561618],[7.58631,47.561618],[7.586313,47.561618],[7.586316,47.561618],[7.586319,47.561617],[7.586323,47.561617],[7.586326,47.561617],[7.586329,47.561616],[7.586416,47.561609],[7.586419,47.561609],[7.586421,47.561609],[7.586424,47.56161],[7.586427,47.56161],[7.586429,47.56161],[7.586432,47.561611],[7.586434,47.561611],[7.586437,47.561612],[7.58644,47.561612],[7.586442,47.561613],[7.586445,47.561614],[7.586447,47.561614],[7.58645,47.561615],[7.586452,47.561616],[7.586455,47.561617],[7.586457,47.561617],[7.586459,47.561618],[7.586462,47.561619],[7.586464,47.56162],[7.586466,47.561621],[7.586468,47.561622],[7.586471,47.561623],[7.586473,47.561625],[7.586475,47.561626],[7.586477,47.561627],[7.586479,47.561628],[7.586481,47.561629],[7.586483,47.561631],[7.586484,47.561632],[7.586486,47.561634],[7.586488,47.561635],[7.58649,47.561636],[7.586491,47.561638],[7.586493,47.561639],[7.586494,47.561641],[7.586496,47.561642],[7.586497,47.561644],[7.586498,47.561646],[7.586499,47.561647],[7.586501,47.561649],[7.586502,47.561651],[7.586503,47.561652],[7.586504,47.561654],[7.586505,47.561656],[7.586506,47.561657],[7.586506,47.561659],[7.586507,47.561661],[7.586508,47.561663],[7.586508,47.561665],[7.586509,47.561666],[7.586509,47.561668],[7.58651,47.56167],[7.58651,47.561672],[7.58651,47.561674],[7.58651,47.561675],[7.58651,47.561677],[7.58651,47.561679],[7.58651,47.561681],[7.58651,47.561683],[7.58651,47.561685],[7.58651,47.561686],[7.586509,47.561688],[7.586509,47.56169],[7.586508,47.561692],[7.586467,47.561758],[7.586464,47.561762],[7.58649,47.561774],[7.586513,47.561784],[7.586624,47.561837],[7.587231,47.5612],[7.587443,47.561002],[7.587634,47.560786],[7.588238,47.560102],[7.588768,47.559741],[7.589166,47.559381],[7.589129,47.559349],[7.589147,47.559332],[7.589229,47.559255],[7.589213,47.559182],[7.589245,47.559161],[7.589367,47.559081],[7.589468,47.559021],[7.589643,47.558879],[7.589633,47.558816],[7.589755,47.558731],[7.589772,47.55874],[7.589848,47.558671],[7.589896,47.558626],[7.589922,47.558582],[7.590018,47.558506],[7.590055,47.558476],[7.590085,47.558449],[7.590153,47.558398],[7.590264,47.558334],[7.590364,47.558274],[7.59041,47.558244],[7.590489,47.558196],[7.590545,47.558165],[7.590576,47.558145],[7.590616,47.558131],[7.590867,47.557983],[7.591946,47.557348],[7.59301,47.557045],[7.593541,47.556504],[7.59384,47.556391],[7.594338,47.556136],[7.594604,47.555956],[7.59501,47.555767],[7.595184,47.555893],[7.595387,47.555807]]],"type":"Polygon"},"properties":{"geo_point_2d":{"lon":7.588875532931292,"lat":47.55708439993191},"wov_id":"01","wov_label":"1","wov_name":"Altstadt Grossbasel","gemeinde_name":"Basel"}},{"type":"Feature","geometry":{"coordinates":[[[7.587129,47.550978],[7.587095,47.55104],[7.586949,47.551288],[7.586941,47.551301],[7.58691,47.551354],[7.586888,47.551393],[7.586885,47.551396],[7.586776,47.551589],[7.58677,47.551599],[7.586764,47.55161],[7.586758,47.55162],[7.586752,47.55163],[7.586747,47.551638],[7.586742,47.551646],[7.586737,47.551654],[7.586732,47.551662],[7.586726,47.55167],[7.586721,47.551678],[7.586715,47.551685],[7.58671,47.551693],[7.586708,47.551697],[7.586705,47.551701],[7.586703,47.551705],[7.5867,47.551709],[7.586697,47.551712],[7.586695,47.551716],[7.586692,47.55172],[7.586689,47.551724],[7.586686,47.551727],[7.586683,47.551731],[7.58668,47.551735],[7.586677,47.551738],[7.586674,47.551742],[7.586671,47.551746],[7.586668,47.551749],[7.586664,47.551753],[7.586661,47.551756],[7.586658,47.55176],[7.586654,47.551763],[7.58665,47.551766],[7.586647,47.55177],[7.586643,47.551773],[7.586639,47.551776],[7.586636,47.55178],[7.586632,47.551783],[7.586628,47.551786],[7.586624,47.551789],[7.58662,47.551793],[7.586616,47.551796],[7.586612,47.551799],[7.586607,47.551802],[7.586603,47.551805],[7.586599,47.551808],[7.586595,47.551811],[7.58659,47.551814],[7.586586,47.551817],[7.586581,47.55182],[7.586577,47.551822],[7.586572,47.551825],[7.586567,47.551828],[7.586563,47.551831],[7.586558,47.551833],[7.586553,47.551836],[7.586548,47.551839],[7.586543,47.551841],[7.586538,47.551844],[7.586533,47.551846],[7.586528,47.551849],[7.586523,47.551851],[7.586518,47.551853],[7.586513,47.551856],[7.586508,47.551858],[7.586503,47.55186],[7.586497,47.551862],[7.586492,47.551865],[7.586487,47.551867],[7.586481,47.551869],[7.586476,47.551871],[7.586471,47.551873],[7.586465,47.551875],[7.58646,47.551877],[7.586454,47.551878],[7.586449,47.55188],[7.586443,47.551882],[7.585843,47.552063],[7.585535,47.552156],[7.585678,47.552348],[7.586021,47.55281],[7.586205,47.553058],[7.586031,47.553368],[7.585994,47.553433],[7.585792,47.553768],[7.585623,47.554048],[7.585554,47.554161],[7.584764,47.555475],[7.584759,47.555479],[7.584754,47.555484],[7.584749,47.555488],[7.584744,47.555492],[7.584739,47.555496],[7.584733,47.5555],[7.584728,47.555504],[7.584722,47.555508],[7.584716,47.555512],[7.58471,47.555516],[7.584704,47.55552],[7.584698,47.555523],[7.584692,47.555527],[7.584686,47.555531],[7.584679,47.555534],[7.584673,47.555537],[7.584666,47.555541],[7.58466,47.555544],[7.584653,47.555547],[7.584646,47.55555],[7.584639,47.555553],[7.584632,47.555556],[7.584625,47.555559],[7.584618,47.555561],[7.584611,47.555564],[7.584603,47.555567],[7.584596,47.555569],[7.584589,47.555571],[7.584581,47.555574],[7.584574,47.555576],[7.584566,47.555578],[7.584559,47.55558],[7.584183,47.555658],[7.584104,47.555674],[7.583675,47.555763],[7.583638,47.555771],[7.58285,47.555961],[7.582403,47.556069],[7.581561,47.556271],[7.58155,47.556274],[7.581539,47.556277],[7.581529,47.55628],[7.581518,47.556283],[7.581507,47.556286],[7.581497,47.556289],[7.581486,47.556293],[7.581476,47.556296],[7.581466,47.5563],[7.581456,47.556304],[7.581446,47.556308],[7.581436,47.556311],[7.581426,47.556315],[7.581416,47.55632],[7.581406,47.556324],[7.581397,47.556328],[7.581389,47.556332],[7.581382,47.556335],[7.581375,47.556339],[7.581367,47.556342],[7.58136,47.556346],[7.581353,47.55635],[7.581346,47.556353],[7.581339,47.556357],[7.581332,47.556361],[7.581326,47.556365],[7.581319,47.556369],[7.581312,47.556373],[7.581306,47.556377],[7.581299,47.556381],[7.581293,47.556386],[7.581286,47.55639],[7.58128,47.556394],[7.581274,47.556399],[7.581267,47.556403],[7.581261,47.556408],[7.581255,47.556412],[7.581249,47.556417],[7.581244,47.556421],[7.581238,47.556426],[7.581232,47.556431],[7.581227,47.556435],[7.581221,47.55644],[7.581216,47.556445],[7.58121,47.55645],[7.581205,47.556455],[7.5812,47.55646],[7.581195,47.556465],[7.58119,47.55647],[7.581185,47.556475],[7.58118,47.55648],[7.581175,47.556485],[7.581171,47.55649],[7.581166,47.556496],[7.581162,47.556501],[7.581157,47.556506],[7.581153,47.556512],[7.581149,47.556517],[7.581145,47.556522],[7.581141,47.556528],[7.581137,47.556533],[7.581133,47.556539],[7.581129,47.556544],[7.581126,47.55655],[7.581122,47.556555],[7.581119,47.556561],[7.581116,47.556567],[7.581113,47.556572],[7.581109,47.556578],[7.581106,47.556584],[7.581104,47.55659],[7.581101,47.556595],[7.581098,47.556601],[7.581095,47.556607],[7.581093,47.556613],[7.581091,47.556619],[7.581088,47.556625],[7.581086,47.55663],[7.581084,47.556636],[7.581082,47.556642],[7.58108,47.556651],[7.581077,47.55666],[7.581075,47.556669],[7.581073,47.556678],[7.581071,47.556687],[7.581069,47.556696],[7.581067,47.556705],[7.581066,47.556714],[7.581064,47.556723],[7.581062,47.556732],[7.581061,47.556741],[7.581059,47.556749],[7.581058,47.556758],[7.581056,47.556767],[7.581055,47.556776],[7.581054,47.556785],[7.581053,47.556794],[7.581052,47.556803],[7.581051,47.556812],[7.58105,47.556821],[7.581049,47.55683],[7.581048,47.556839],[7.581047,47.556848],[7.581047,47.556857],[7.581046,47.556867],[7.581046,47.556876],[7.581045,47.556885],[7.581045,47.556894],[7.581045,47.556903],[7.581045,47.556912],[7.581045,47.556921],[7.581045,47.55693],[7.581045,47.557389],[7.581047,47.557416],[7.581048,47.557444],[7.581048,47.557471],[7.581049,47.557498],[7.581049,47.557519],[7.581049,47.55754],[7.581049,47.557561],[7.581049,47.557582],[7.581049,47.557603],[7.581049,47.557623],[7.581048,47.557644],[7.581048,47.557665],[7.581047,47.557686],[7.581046,47.557707],[7.581045,47.557728],[7.581044,47.557748],[7.581043,47.557769],[7.581042,47.55779],[7.58104,47.557811],[7.581039,47.557832],[7.581037,47.557852],[7.581035,47.557873],[7.581033,47.557894],[7.581031,47.557915],[7.581029,47.557936],[7.581027,47.557956],[7.581024,47.557977],[7.581022,47.557998],[7.581019,47.558019],[7.581016,47.558039],[7.581013,47.55806],[7.58101,47.558081],[7.581007,47.558101],[7.581004,47.558122],[7.581,47.558143],[7.580997,47.558164],[7.580992,47.55819],[7.580987,47.558217],[7.580982,47.558243],[7.580976,47.55827],[7.580973,47.558287],[7.580969,47.558305],[7.580965,47.558322],[7.580961,47.55834],[7.580957,47.558357],[7.580953,47.558375],[7.580949,47.558392],[7.580945,47.558409],[7.58094,47.558427],[7.580936,47.558444],[7.580931,47.558462],[7.580927,47.558479],[7.580922,47.558496],[7.580917,47.558514],[7.580912,47.558531],[7.580908,47.558548],[7.580735,47.559302],[7.580695,47.559443],[7.580693,47.559451],[7.58069,47.559459],[7.580687,47.559467],[7.580684,47.559475],[7.580681,47.559483],[7.580678,47.559491],[7.580674,47.559499],[7.58067,47.559507],[7.580666,47.559515],[7.580662,47.559522],[7.580658,47.55953],[7.580653,47.559538],[7.580648,47.559545],[7.580643,47.559553],[7.580638,47.559561],[7.580633,47.559568],[7.580627,47.559575],[7.580622,47.559583],[7.580616,47.55959],[7.58061,47.559597],[7.580604,47.559604],[7.580597,47.559612],[7.580591,47.559619],[7.580584,47.559625],[7.580577,47.559632],[7.58057,47.559639],[7.580563,47.559646],[7.580556,47.559652],[7.580548,47.559659],[7.580541,47.559665],[7.580533,47.559672],[7.580525,47.559678],[7.580117,47.559992],[7.580113,47.559997],[7.58011,47.560001],[7.580107,47.560005],[7.580104,47.560009],[7.580101,47.560013],[7.580098,47.560018],[7.580095,47.560022],[7.580092,47.560026],[7.580089,47.560031],[7.580087,47.560035],[7.580084,47.560039],[7.580082,47.560044],[7.58008,47.560048],[7.580077,47.560053],[7.580075,47.560057],[7.580073,47.560062],[7.580071,47.560066],[7.580069,47.560071],[7.580068,47.560075],[7.580066,47.56008],[7.580064,47.560084],[7.580063,47.560089],[7.580061,47.560093],[7.58006,47.560098],[7.580059,47.560103],[7.580058,47.560107],[7.580057,47.560112],[7.580056,47.560117],[7.580055,47.560121],[7.580054,47.560126],[7.580054,47.560131],[7.580053,47.560135],[7.580053,47.56014],[7.580052,47.560145],[7.580052,47.56015],[7.580052,47.560154],[7.580052,47.560159],[7.580052,47.560164],[7.580052,47.560169],[7.580052,47.560174],[7.580052,47.560178],[7.580053,47.560183],[7.580053,47.560188],[7.580054,47.560193],[7.580054,47.560197],[7.580055,47.560202],[7.580056,47.560207],[7.580057,47.560211],[7.580058,47.560216],[7.580059,47.560221],[7.580061,47.560226],[7.580062,47.56023],[7.580064,47.560235],[7.580065,47.56024],[7.580067,47.560244],[7.580068,47.560249],[7.58007,47.560253],[7.580072,47.560258],[7.580074,47.560263],[7.580076,47.560267],[7.580079,47.560272],[7.580081,47.560276],[7.580083,47.560281],[7.580086,47.560285],[7.580526,47.561219],[7.580863,47.561936],[7.580868,47.561946],[7.580873,47.561956],[7.580879,47.561967],[7.580884,47.561977],[7.58089,47.561987],[7.580896,47.561998],[7.580902,47.562008],[7.580908,47.562018],[7.580914,47.562028],[7.580921,47.562038],[7.580928,47.562048],[7.580935,47.562058],[7.580942,47.562067],[7.580949,47.562077],[7.580957,47.562087],[7.580964,47.562097],[7.580972,47.562106],[7.58098,47.562116],[7.580988,47.562125],[7.580996,47.562135],[7.581005,47.562144],[7.581014,47.562153],[7.581022,47.562162],[7.581031,47.562171],[7.581041,47.56218],[7.58105,47.562189],[7.581059,47.562198],[7.581069,47.562207],[7.581079,47.562216],[7.581089,47.562224],[7.581099,47.562233],[7.581109,47.562241],[7.581711,47.562707],[7.582583,47.563398],[7.582689,47.563483],[7.582594,47.563564],[7.581993,47.564034],[7.582066,47.564078],[7.582546,47.56436],[7.582551,47.564363],[7.582556,47.564366],[7.582562,47.564369],[7.582567,47.564372],[7.582572,47.564375],[7.582577,47.564377],[7.582583,47.56438],[7.582588,47.564383],[7.582593,47.564385],[7.582599,47.564388],[7.582604,47.56439],[7.58261,47.564393],[7.582615,47.564395],[7.582621,47.564398],[7.582627,47.5644],[7.582632,47.564402],[7.58258,47.564444],[7.58187,47.564998],[7.581868,47.564999],[7.581867,47.565001],[7.581865,47.565003],[7.581864,47.565004],[7.581862,47.565006],[7.581861,47.565008],[7.58186,47.56501],[7.581859,47.565012],[7.581858,47.565013],[7.581857,47.565015],[7.581856,47.565017],[7.581855,47.565019],[7.581854,47.565021],[7.581853,47.565023],[7.581853,47.565025],[7.581852,47.565027],[7.581852,47.565029],[7.581851,47.565031],[7.581851,47.565033],[7.581851,47.565035],[7.58185,47.565037],[7.58185,47.565039],[7.58185,47.565041],[7.58185,47.565043],[7.58185,47.565045],[7.581851,47.565047],[7.581851,47.565048],[7.581851,47.56505],[7.581852,47.565052],[7.581852,47.565054],[7.581853,47.565056],[7.581854,47.565058],[7.581854,47.56506],[7.581855,47.565062],[7.581856,47.565064],[7.581857,47.565066],[7.581858,47.565068],[7.581859,47.56507],[7.581861,47.565071],[7.581862,47.565073],[7.581863,47.565075],[7.581865,47.565077],[7.581866,47.565078],[7.581868,47.56508],[7.581869,47.565082],[7.581871,47.565083],[7.581873,47.565085],[7.581875,47.565086],[7.581877,47.565088],[7.581879,47.565089],[7.581881,47.565091],[7.581883,47.565092],[7.581885,47.565094],[7.581887,47.565095],[7.581889,47.565096],[7.581891,47.565098],[7.581894,47.565099],[7.581896,47.5651],[7.581899,47.565101],[7.581901,47.565102],[7.581903,47.565103],[7.581906,47.565104],[7.581909,47.565105],[7.581911,47.565106],[7.58206,47.565183],[7.582741,47.565454],[7.582881,47.56551],[7.582871,47.565518],[7.582861,47.565526],[7.58285,47.565535],[7.58284,47.565543],[7.58283,47.565551],[7.582819,47.565559],[7.582809,47.565568],[7.582798,47.565576],[7.582787,47.565584],[7.582776,47.565592],[7.582765,47.5656],[7.582754,47.565607],[7.582743,47.565615],[7.582732,47.565623],[7.582721,47.565631],[7.58271,47.565639],[7.582471,47.565799],[7.582462,47.565806],[7.582452,47.565813],[7.582442,47.56582],[7.582433,47.565827],[7.582423,47.565834],[7.582413,47.565841],[7.582404,47.565848],[7.582395,47.565856],[7.582385,47.565863],[7.582376,47.56587],[7.582367,47.565878],[7.582358,47.565885],[7.582349,47.565892],[7.58234,47.5659],[7.582331,47.565907],[7.582322,47.565915],[7.582321,47.565916],[7.582313,47.565923],[7.582305,47.565929],[7.582298,47.565936],[7.58229,47.565943],[7.582075,47.566134],[7.581919,47.566272],[7.581913,47.56628],[7.581906,47.566288],[7.5819,47.566296],[7.581893,47.566304],[7.581887,47.566313],[7.581881,47.566321],[7.581875,47.566329],[7.581869,47.566337],[7.581863,47.566345],[7.581857,47.566354],[7.581851,47.566362],[7.581845,47.56637],[7.58184,47.566379],[7.581834,47.566387],[7.581829,47.566396],[7.581823,47.566404],[7.581818,47.566412],[7.581813,47.566421],[7.581808,47.566429],[7.581802,47.566438],[7.581798,47.566447],[7.581793,47.566455],[7.581788,47.566464],[7.581783,47.566472],[7.581779,47.566481],[7.581774,47.56649],[7.58177,47.566498],[7.581765,47.566507],[7.581761,47.566516],[7.581757,47.566525],[7.581753,47.566533],[7.581749,47.566542],[7.581944,47.566632],[7.582888,47.567012],[7.583391,47.567216],[7.583397,47.567121],[7.583536,47.566423],[7.583695,47.56594],[7.583834,47.565521],[7.583918,47.565251],[7.584092,47.565289],[7.584316,47.564819],[7.584211,47.564702],[7.584303,47.564558],[7.584359,47.564472],[7.584416,47.564385],[7.585228,47.563352],[7.586595,47.561866],[7.586609,47.561852],[7.586624,47.561837],[7.586513,47.561784],[7.58649,47.561774],[7.586464,47.561762],[7.586467,47.561758],[7.586508,47.561692],[7.586509,47.56169],[7.586509,47.561688],[7.58651,47.561686],[7.58651,47.561685],[7.58651,47.561683],[7.58651,47.561681],[7.58651,47.561679],[7.58651,47.561677],[7.58651,47.561675],[7.58651,47.561674],[7.58651,47.561672],[7.58651,47.56167],[7.586509,47.561668],[7.586509,47.561666],[7.586508,47.561665],[7.586508,47.561663],[7.586507,47.561661],[7.586506,47.561659],[7.586506,47.561657],[7.586505,47.561656],[7.586504,47.561654],[7.586503,47.561652],[7.586502,47.561651],[7.586501,47.561649],[7.586499,47.561647],[7.586498,47.561646],[7.586497,47.561644],[7.586496,47.561642],[7.586494,47.561641],[7.586493,47.561639],[7.586491,47.561638],[7.58649,47.561636],[7.586488,47.561635],[7.586486,47.561634],[7.586484,47.561632],[7.586483,47.561631],[7.586481,47.561629],[7.586479,47.561628],[7.586477,47.561627],[7.586475,47.561626],[7.586473,47.561625],[7.586471,47.561623],[7.586468,47.561622],[7.586466,47.561621],[7.586464,47.56162],[7.586462,47.561619],[7.586459,47.561618],[7.586457,47.561617],[7.586455,47.561617],[7.586452,47.561616],[7.58645,47.561615],[7.586447,47.561614],[7.586445,47.561614],[7.586442,47.561613],[7.58644,47.561612],[7.586437,47.561612],[7.586434,47.561611],[7.586432,47.561611],[7.586429,47.56161],[7.586427,47.56161],[7.586424,47.56161],[7.586421,47.561609],[7.586419,47.561609],[7.586416,47.561609],[7.586329,47.561616],[7.586326,47.561617],[7.586323,47.561617],[7.586319,47.561617],[7.586316,47.561618],[7.586313,47.561618],[7.58631,47.561618],[7.586306,47.561618],[7.586303,47.561618],[7.5863,47.561618],[7.586297,47.561618],[7.586293,47.561618],[7.58629,47.561618],[7.586287,47.561618],[7.586284,47.561617],[7.58628,47.561617],[7.586277,47.561617],[7.586274,47.561616],[7.586271,47.561615],[7.586268,47.561615],[7.586264,47.561614],[7.586261,47.561613],[7.586258,47.561613],[7.586255,47.561612],[7.586252,47.561611],[7.586249,47.56161],[7.586246,47.561609],[7.586244,47.561608],[7.586241,47.561607],[7.586238,47.561606],[7.586235,47.561604],[7.586233,47.561603],[7.58623,47.561602],[7.586068,47.561495],[7.585911,47.561386],[7.585864,47.561352],[7.585817,47.561318],[7.58577,47.561284],[7.585723,47.561249],[7.585718,47.561245],[7.585712,47.56124],[7.585707,47.561235],[7.585702,47.561231],[7.585696,47.561226],[7.585691,47.561221],[7.585686,47.561216],[7.585681,47.561211],[7.585677,47.561206],[7.585672,47.561201],[7.585667,47.561196],[7.585663,47.56119],[7.585658,47.561185],[7.585654,47.56118],[7.58565,47.561175],[7.585646,47.561169],[7.585274,47.560749],[7.585155,47.560597],[7.585103,47.560523],[7.584935,47.56028],[7.584922,47.560262],[7.584909,47.560245],[7.584897,47.560227],[7.584884,47.560209],[7.584872,47.560191],[7.58486,47.560172],[7.584848,47.560154],[7.584836,47.560136],[7.584825,47.560118],[7.584813,47.560099],[7.584802,47.560081],[7.584792,47.560062],[7.584781,47.560044],[7.584771,47.560025],[7.584761,47.560007],[7.584751,47.559988],[7.584742,47.559971],[7.584734,47.559954],[7.584726,47.559938],[7.584718,47.559921],[7.58471,47.559904],[7.584702,47.559887],[7.584695,47.55987],[7.584687,47.559853],[7.584527,47.559493],[7.58452,47.559475],[7.584514,47.559458],[7.584509,47.55944],[7.584503,47.559422],[7.584498,47.559405],[7.584493,47.559387],[7.584488,47.559369],[7.584483,47.559351],[7.584479,47.559333],[7.584474,47.559315],[7.58447,47.559297],[7.584467,47.559279],[7.584463,47.559261],[7.58446,47.559243],[7.584457,47.559225],[7.584454,47.559207],[7.584453,47.559196],[7.584451,47.559185],[7.58445,47.559173],[7.584448,47.559162],[7.584357,47.558591],[7.58432,47.557791],[7.58432,47.55778],[7.584319,47.557769],[7.584318,47.557757],[7.584318,47.557746],[7.584317,47.557735],[7.584316,47.557723],[7.584315,47.557712],[7.584314,47.557701],[7.584313,47.557689],[7.584311,47.557678],[7.58431,47.557667],[7.584309,47.557656],[7.584307,47.557644],[7.584305,47.557633],[7.584304,47.557622],[7.584302,47.55761],[7.5843,47.557599],[7.584298,47.557588],[7.584296,47.557577],[7.584294,47.557565],[7.584292,47.557554],[7.58429,47.557543],[7.584288,47.557532],[7.584285,47.55752],[7.584283,47.557509],[7.58428,47.557498],[7.584278,47.557487],[7.584275,47.557476],[7.584272,47.557464],[7.58427,47.557453],[7.584267,47.557442],[7.584264,47.557431],[7.584259,47.557415],[7.584255,47.557398],[7.584251,47.557382],[7.584246,47.557366],[7.584242,47.557352],[7.584238,47.557339],[7.584234,47.557326],[7.584229,47.557312],[7.584225,47.557299],[7.58422,47.557286],[7.584215,47.557272],[7.584211,47.557259],[7.584206,47.557246],[7.584201,47.557232],[7.584195,47.557219],[7.58419,47.557206],[7.584185,47.557193],[7.584179,47.55718],[7.584174,47.557166],[7.584168,47.557153],[7.584123,47.557078],[7.584094,47.557029],[7.584013,47.556893],[7.584012,47.556889],[7.58401,47.556885],[7.584009,47.556881],[7.584008,47.556877],[7.584007,47.556873],[7.584006,47.556869],[7.584005,47.556865],[7.584004,47.556861],[7.584003,47.556857],[7.584002,47.556853],[7.584002,47.556849],[7.584001,47.556845],[7.584001,47.556841],[7.584001,47.556837],[7.584,47.556833],[7.584,47.556829],[7.584,47.556825],[7.584,47.55682],[7.584,47.556816],[7.584,47.556812],[7.584001,47.556808],[7.584001,47.556804],[7.584002,47.5568],[7.584002,47.556796],[7.584003,47.556792],[7.584003,47.556788],[7.584004,47.556784],[7.584005,47.55678],[7.584006,47.556776],[7.584007,47.556772],[7.584008,47.556768],[7.58401,47.556764],[7.584011,47.556758],[7.584014,47.556752],[7.584016,47.556747],[7.584018,47.556741],[7.584021,47.556736],[7.584023,47.55673],[7.584026,47.556725],[7.584029,47.556719],[7.584033,47.556714],[7.584036,47.556708],[7.58404,47.556703],[7.584043,47.556698],[7.584047,47.556693],[7.584051,47.556688],[7.584055,47.556683],[7.58406,47.556678],[7.584064,47.556673],[7.584069,47.556668],[7.584074,47.556663],[7.584079,47.556658],[7.584084,47.556653],[7.584089,47.556649],[7.584094,47.556644],[7.5841,47.55664],[7.584105,47.556635],[7.584111,47.556631],[7.584117,47.556627],[7.584123,47.556623],[7.584129,47.556619],[7.584135,47.556615],[7.584142,47.556611],[7.584148,47.556607],[7.584261,47.556562],[7.584373,47.556516],[7.584544,47.556447],[7.584714,47.556378],[7.584809,47.55634],[7.584903,47.556301],[7.584998,47.556263],[7.585093,47.556224],[7.585187,47.556186],[7.585281,47.556147],[7.585376,47.556108],[7.58547,47.55607],[7.585501,47.556058],[7.585531,47.556046],[7.585562,47.556035],[7.585592,47.556023],[7.585623,47.556012],[7.585654,47.556],[7.585685,47.555989],[7.585716,47.555978],[7.585747,47.555967],[7.585778,47.555956],[7.585809,47.555945],[7.585841,47.555934],[7.585872,47.555924],[7.585903,47.555913],[7.585935,47.555903],[7.585966,47.555892],[7.586652,47.555671],[7.586812,47.555618],[7.586828,47.555613],[7.586843,47.555607],[7.586859,47.555602],[7.586874,47.555596],[7.586889,47.55559],[7.586904,47.555584],[7.586919,47.555577],[7.586933,47.555571],[7.586948,47.555564],[7.586962,47.555558],[7.586976,47.555551],[7.58699,47.555544],[7.587004,47.555537],[7.587018,47.555529],[7.587032,47.555522],[7.587045,47.555514],[7.587058,47.555507],[7.587071,47.555499],[7.587084,47.555491],[7.587097,47.555483],[7.58711,47.555474],[7.587122,47.555466],[7.587134,47.555458],[7.587146,47.555449],[7.587158,47.55544],[7.58717,47.555431],[7.587181,47.555422],[7.587192,47.555413],[7.587203,47.555404],[7.587214,47.555395],[7.587225,47.555386],[7.587235,47.555376],[7.587244,47.555368],[7.587252,47.555359],[7.587259,47.555352],[7.587265,47.555345],[7.587272,47.555337],[7.587278,47.55533],[7.587284,47.555323],[7.58729,47.555315],[7.587296,47.555308],[7.587302,47.5553],[7.587307,47.555293],[7.587313,47.555285],[7.587318,47.555277],[7.587323,47.55527],[7.587328,47.555262],[7.587333,47.555254],[7.587337,47.555246],[7.587342,47.555238],[7.587366,47.555192],[7.587715,47.55448],[7.587718,47.554474],[7.58772,47.554468],[7.587724,47.554462],[7.587727,47.554456],[7.58773,47.55445],[7.587734,47.554444],[7.587738,47.554438],[7.587742,47.554433],[7.587747,47.554427],[7.587751,47.554422],[7.587756,47.554416],[7.587761,47.554411],[7.587766,47.554406],[7.587771,47.554401],[7.587776,47.554395],[7.587782,47.55439],[7.587787,47.554385],[7.587793,47.554381],[7.587799,47.554376],[7.587806,47.554371],[7.587812,47.554367],[7.587819,47.554362],[7.587825,47.554358],[7.587832,47.554353],[7.587839,47.554349],[7.587846,47.554345],[7.587853,47.554341],[7.587861,47.554338],[7.587868,47.554334],[7.587876,47.55433],[7.587884,47.554327],[7.587892,47.554323],[7.587897,47.554321],[7.587902,47.554319],[7.587907,47.554317],[7.587913,47.554315],[7.587918,47.554313],[7.587923,47.554312],[7.587929,47.55431],[7.587934,47.554308],[7.58794,47.554306],[7.587945,47.554305],[7.587951,47.554303],[7.587956,47.554302],[7.587962,47.5543],[7.587968,47.554299],[7.587974,47.554297],[7.587979,47.554296],[7.58848,47.554213],[7.588779,47.554163],[7.588814,47.554159],[7.588848,47.554154],[7.588883,47.55415],[7.588918,47.554145],[7.588944,47.554142],[7.58897,47.554139],[7.588996,47.554136],[7.589022,47.554133],[7.589048,47.554131],[7.589074,47.554128],[7.5891,47.554125],[7.589126,47.554123],[7.589385,47.554089],[7.589512,47.554073],[7.589685,47.55405],[7.589859,47.554024],[7.590115,47.553986],[7.590291,47.55396],[7.590328,47.553954],[7.590366,47.553948],[7.590403,47.553943],[7.59044,47.553937],[7.590478,47.553932],[7.590515,47.553926],[7.590553,47.553921],[7.59059,47.553916],[7.590628,47.553911],[7.590666,47.553906],[7.590703,47.553901],[7.590741,47.553896],[7.590779,47.553891],[7.590816,47.553886],[7.590854,47.553882],[7.590892,47.553877],[7.590908,47.553875],[7.590925,47.553873],[7.590941,47.553871],[7.590958,47.553869],[7.590974,47.553867],[7.590991,47.553866],[7.591008,47.553864],[7.591024,47.553862],[7.591854,47.55376],[7.591868,47.553758],[7.591883,47.553756],[7.591897,47.553754],[7.591912,47.553751],[7.591926,47.553748],[7.59194,47.553745],[7.591954,47.553742],[7.591968,47.553739],[7.591982,47.553736],[7.591996,47.553732],[7.59201,47.553728],[7.592024,47.553724],[7.592037,47.55372],[7.592051,47.553716],[7.592064,47.553712],[7.592077,47.553707],[7.592115,47.553769],[7.592121,47.553777],[7.592126,47.553785],[7.59213,47.553791],[7.592134,47.553796],[7.592138,47.553802],[7.592142,47.553807],[7.592146,47.553812],[7.592151,47.553817],[7.592155,47.553823],[7.59216,47.553828],[7.592165,47.553833],[7.59217,47.553838],[7.592176,47.553843],[7.592181,47.553848],[7.592187,47.553852],[7.592192,47.553857],[7.592198,47.553862],[7.592204,47.553866],[7.592211,47.553871],[7.592217,47.553875],[7.592223,47.553879],[7.59223,47.553884],[7.592236,47.553888],[7.592243,47.553892],[7.59225,47.553895],[7.592257,47.553899],[7.592264,47.553903],[7.592272,47.553907],[7.592279,47.55391],[7.592287,47.553913],[7.592294,47.553917],[7.592302,47.55392],[7.59231,47.553923],[7.592317,47.553926],[7.592975,47.554133],[7.593585,47.554325],[7.594325,47.554544],[7.594333,47.554546],[7.594341,47.554549],[7.594349,47.554551],[7.594358,47.554554],[7.594366,47.554556],[7.594374,47.554559],[7.594382,47.554562],[7.59439,47.554564],[7.594398,47.554567],[7.594406,47.55457],[7.594414,47.554573],[7.594422,47.554576],[7.59443,47.554579],[7.594438,47.554582],[7.594445,47.554585],[7.594453,47.554588],[7.594463,47.554592],[7.594472,47.554595],[7.594482,47.554599],[7.594491,47.554603],[7.594501,47.554607],[7.59451,47.554611],[7.594519,47.554615],[7.594529,47.554619],[7.594538,47.554624],[7.594547,47.554628],[7.594556,47.554632],[7.594565,47.554637],[7.594573,47.554642],[7.594582,47.554646],[7.594591,47.554651],[7.594599,47.554656],[7.59461,47.554662],[7.59462,47.554668],[7.594631,47.554674],[7.594641,47.554681],[7.594651,47.554687],[7.594661,47.554694],[7.594671,47.554701],[7.59468,47.554708],[7.594687,47.554712],[7.594693,47.554717],[7.594699,47.554722],[7.594705,47.554727],[7.594712,47.554731],[7.594718,47.554736],[7.594724,47.554741],[7.594729,47.554746],[7.594735,47.554751],[7.594741,47.554756],[7.594747,47.554761],[7.594752,47.554766],[7.594758,47.554771],[7.594763,47.554776],[7.594769,47.554781],[7.594774,47.554787],[7.594782,47.554794],[7.594789,47.554802],[7.594797,47.55481],[7.594804,47.554817],[7.594811,47.554825],[7.594818,47.554833],[7.594825,47.554841],[7.594832,47.554849],[7.594838,47.554857],[7.594844,47.554865],[7.59485,47.554874],[7.594857,47.554882],[7.594862,47.55489],[7.594868,47.554899],[7.594874,47.554907],[7.594879,47.554915],[7.595253,47.555433],[7.595262,47.555445],[7.59552,47.555758],[7.595638,47.555714],[7.595668,47.555735],[7.59716,47.555373],[7.599338,47.555163],[7.600627,47.55517],[7.600896,47.555181],[7.603032,47.555266],[7.603967,47.555339],[7.604044,47.555078],[7.604058,47.555032],[7.604067,47.554971],[7.604088,47.554833],[7.604233,47.554222],[7.604323,47.553803],[7.60433,47.553766],[7.604334,47.553745],[7.604237,47.553748],[7.604189,47.55375],[7.604171,47.553735],[7.604142,47.55371],[7.604071,47.553652],[7.604045,47.553654],[7.603979,47.553659],[7.603972,47.553659],[7.603913,47.553666],[7.603848,47.553674],[7.603791,47.55368],[7.603782,47.553681],[7.603717,47.553689],[7.603353,47.552727],[7.603336,47.552729],[7.603318,47.552731],[7.6033,47.552733],[7.603283,47.552734],[7.603265,47.552735],[7.603248,47.552737],[7.60323,47.552738],[7.603212,47.552739],[7.603195,47.55274],[7.603177,47.552741],[7.603159,47.552742],[7.603142,47.552742],[7.603124,47.552743],[7.603106,47.552744],[7.603088,47.552744],[7.603071,47.552744],[7.603056,47.552745],[7.603041,47.552745],[7.603026,47.552745],[7.603012,47.552745],[7.602997,47.552745],[7.602982,47.552744],[7.602967,47.552744],[7.602953,47.552744],[7.602938,47.552743],[7.602923,47.552743],[7.602909,47.552742],[7.602894,47.552742],[7.602879,47.552741],[7.602864,47.552741],[7.60285,47.55274],[7.602835,47.552739],[7.60282,47.552738],[7.602806,47.552737],[7.602791,47.552736],[7.602776,47.552735],[7.602761,47.552733],[7.602747,47.552732],[7.602732,47.552731],[7.602717,47.552729],[7.602703,47.552728],[7.602688,47.552726],[7.602673,47.552725],[7.602659,47.552723],[7.602644,47.552721],[7.60263,47.552719],[7.602615,47.552718],[7.602601,47.552716],[7.60121,47.552455],[7.601029,47.552409],[7.599864,47.552199],[7.599302,47.552093],[7.598185,47.551883],[7.598047,47.551857],[7.597241,47.551705],[7.596562,47.551558],[7.596318,47.551511],[7.595452,47.551346],[7.595323,47.551321],[7.595182,47.551295],[7.595068,47.551273],[7.594579,47.550983],[7.594572,47.550978],[7.594542,47.550961],[7.594513,47.550945],[7.594484,47.550927],[7.594455,47.55091],[7.594426,47.550893],[7.594397,47.550876],[7.594369,47.550858],[7.594341,47.550841],[7.594312,47.550823],[7.594284,47.550805],[7.594256,47.550787],[7.594229,47.550769],[7.594201,47.550751],[7.594173,47.550733],[7.594146,47.550714],[7.594119,47.550696],[7.593214,47.550082],[7.593075,47.549987],[7.592539,47.549624],[7.592446,47.549559],[7.592003,47.549254],[7.591915,47.549193],[7.591369,47.548808],[7.591241,47.548717],[7.591187,47.548679],[7.590077,47.549147],[7.589969,47.549191],[7.589954,47.549197],[7.589939,47.549202],[7.589924,47.549208],[7.589909,47.549214],[7.589894,47.549219],[7.589878,47.549225],[7.589863,47.54923],[7.589848,47.549235],[7.589832,47.54924],[7.589817,47.549245],[7.589801,47.54925],[7.589785,47.549255],[7.589769,47.54926],[7.589754,47.549265],[7.589738,47.549269],[7.589722,47.549274],[7.589709,47.549278],[7.589697,47.549281],[7.589684,47.549285],[7.589671,47.549289],[7.589659,47.549292],[7.589646,47.549296],[7.589633,47.549299],[7.58962,47.549302],[7.589607,47.549306],[7.589595,47.549309],[7.589582,47.549312],[7.589569,47.549315],[7.589556,47.549318],[7.589543,47.549321],[7.58953,47.549324],[7.589517,47.549327],[7.589503,47.54933],[7.589499,47.549331],[7.589494,47.549332],[7.589482,47.549336],[7.589469,47.549339],[7.589457,47.549342],[7.589445,47.549345],[7.589432,47.549348],[7.58942,47.549351],[7.589408,47.549354],[7.589395,47.549357],[7.589383,47.549359],[7.58937,47.549362],[7.589358,47.549365],[7.589345,47.549367],[7.589333,47.54937],[7.58932,47.549373],[7.589308,47.549375],[7.588993,47.549414],[7.588982,47.549415],[7.588972,47.549416],[7.588962,47.549417],[7.588952,47.549418],[7.588941,47.549419],[7.588931,47.549419],[7.588921,47.54942],[7.58891,47.54942],[7.5889,47.549421],[7.588889,47.549421],[7.588879,47.549421],[7.588869,47.549421],[7.588858,47.549421],[7.588848,47.549421],[7.588837,47.549421],[7.588827,47.54942],[7.588817,47.54942],[7.588806,47.549419],[7.588796,47.549419],[7.588786,47.549418],[7.588775,47.549417],[7.588765,47.549416],[7.588755,47.549415],[7.588745,47.549414],[7.588734,47.549413],[7.588724,47.549412],[7.588714,47.54941],[7.588704,47.549409],[7.588694,47.549407],[7.588684,47.549405],[7.588674,47.549403],[7.588664,47.549401],[7.588654,47.549399],[7.588645,47.549395],[7.588636,47.549392],[7.588627,47.549389],[7.588618,47.549386],[7.588609,47.549382],[7.5886,47.549379],[7.588592,47.549375],[7.588583,47.549371],[7.588575,47.549367],[7.588566,47.549363],[7.588558,47.549359],[7.58855,47.549355],[7.588542,47.549351],[7.588534,47.549347],[7.588526,47.549342],[7.588518,47.549338],[7.58851,47.549333],[7.588503,47.549328],[7.588495,47.549324],[7.588488,47.549319],[7.588481,47.549314],[7.588474,47.549309],[7.588467,47.549304],[7.588262,47.549155],[7.587548,47.550222],[7.587541,47.550233],[7.587533,47.550244],[7.587526,47.550255],[7.587519,47.550266],[7.587512,47.550278],[7.587303,47.550661],[7.5873,47.550666],[7.587158,47.550925],[7.587129,47.550978]]],"type":"Polygon"},"properties":{"geo_point_2d":{"lon":7.5900865543966285,"lat":47.5555777484134},"wov_id":"02","wov_label":"2","wov_name":"Vorst\u00e4dte","gemeinde_name":"Basel"}},{"type":"Feature","geometry":{"coordinates":[[[7.585535,47.552156],[7.585843,47.552063],[7.586443,47.551882],[7.586449,47.55188],[7.586454,47.551878],[7.58646,47.551877],[7.586465,47.551875],[7.586471,47.551873],[7.586476,47.551871],[7.586481,47.551869],[7.586487,47.551867],[7.586492,47.551865],[7.586497,47.551862],[7.586503,47.55186],[7.586508,47.551858],[7.586513,47.551856],[7.586518,47.551853],[7.586523,47.551851],[7.586528,47.551849],[7.586533,47.551846],[7.586538,47.551844],[7.586543,47.551841],[7.586548,47.551839],[7.586553,47.551836],[7.586558,47.551833],[7.586563,47.551831],[7.586567,47.551828],[7.586572,47.551825],[7.586577,47.551822],[7.586581,47.55182],[7.586586,47.551817],[7.58659,47.551814],[7.586595,47.551811],[7.586599,47.551808],[7.586603,47.551805],[7.586607,47.551802],[7.586612,47.551799],[7.586616,47.551796],[7.58662,47.551793],[7.586624,47.551789],[7.586628,47.551786],[7.586632,47.551783],[7.586636,47.55178],[7.586639,47.551776],[7.586643,47.551773],[7.586647,47.55177],[7.58665,47.551766],[7.586654,47.551763],[7.586658,47.55176],[7.586661,47.551756],[7.586664,47.551753],[7.586668,47.551749],[7.586671,47.551746],[7.586674,47.551742],[7.586677,47.551738],[7.58668,47.551735],[7.586683,47.551731],[7.586686,47.551727],[7.586689,47.551724],[7.586692,47.55172],[7.586695,47.551716],[7.586697,47.551712],[7.5867,47.551709],[7.586703,47.551705],[7.586705,47.551701],[7.586708,47.551697],[7.58671,47.551693],[7.586715,47.551685],[7.586721,47.551678],[7.586726,47.55167],[7.586732,47.551662],[7.586737,47.551654],[7.586742,47.551646],[7.586747,47.551638],[7.586752,47.55163],[7.586758,47.55162],[7.586764,47.55161],[7.58677,47.551599],[7.586776,47.551589],[7.586885,47.551396],[7.586888,47.551393],[7.58691,47.551354],[7.586941,47.551301],[7.586949,47.551288],[7.587095,47.55104],[7.587129,47.550978],[7.587158,47.550925],[7.5873,47.550666],[7.587303,47.550661],[7.587512,47.550278],[7.587519,47.550266],[7.587526,47.550255],[7.587533,47.550244],[7.587541,47.550233],[7.587548,47.550222],[7.588262,47.549155],[7.587979,47.548949],[7.587968,47.548941],[7.587957,47.548933],[7.587945,47.548925],[7.587933,47.548917],[7.587921,47.548909],[7.587909,47.548901],[7.587897,47.548893],[7.587885,47.548885],[7.587873,47.548878],[7.58786,47.54887],[7.587848,47.548863],[7.587835,47.548855],[7.587822,47.548848],[7.587809,47.548841],[7.587796,47.548834],[7.587783,47.548827],[7.58777,47.54882],[7.587757,47.548813],[7.587743,47.548807],[7.587737,47.548804],[7.58773,47.548802],[7.587724,47.5488],[7.587717,47.548798],[7.587711,47.548796],[7.587704,47.548794],[7.587697,47.548792],[7.587691,47.54879],[7.587684,47.548788],[7.587677,47.548786],[7.58767,47.548784],[7.587663,47.548783],[7.587657,47.548781],[7.58765,47.548779],[7.587643,47.548778],[7.587636,47.548776],[7.587629,47.548775],[7.587622,47.548774],[7.587615,47.548772],[7.587608,47.548771],[7.587601,47.54877],[7.587594,47.548769],[7.587587,47.548767],[7.58758,47.548766],[7.587572,47.548765],[7.587565,47.548764],[7.587558,47.548763],[7.587551,47.548763],[7.587544,47.548762],[7.587537,47.548761],[7.587529,47.54876],[7.587522,47.54876],[7.587515,47.548759],[7.587508,47.548759],[7.5875,47.548758],[7.587493,47.548758],[7.587486,47.548757],[7.587479,47.548757],[7.587471,47.548757],[7.587464,47.548756],[7.587457,47.548756],[7.587449,47.548756],[7.587442,47.548756],[7.587435,47.548756],[7.587428,47.548756],[7.58742,47.548756],[7.587413,47.548757],[7.587406,47.548757],[7.587398,47.548757],[7.587391,47.548757],[7.587384,47.548758],[7.587377,47.548758],[7.587369,47.548759],[7.587362,47.548759],[7.587355,47.54876],[7.587348,47.548761],[7.587341,47.548761],[7.587333,47.548762],[7.587326,47.548763],[7.587319,47.548764],[7.587312,47.548765],[7.587305,47.548766],[7.587298,47.548767],[7.58729,47.548768],[7.58728,47.548771],[7.587269,47.548773],[7.587258,47.548776],[7.587247,47.548778],[7.587236,47.548781],[7.587225,47.548783],[7.587214,47.548785],[7.587203,47.548787],[7.587192,47.548789],[7.587181,47.548791],[7.58717,47.548793],[7.587159,47.548795],[7.587148,47.548797],[7.587136,47.548798],[7.587125,47.5488],[7.587114,47.548801],[7.587103,47.548803],[7.587092,47.548804],[7.587081,47.548805],[7.587071,47.548806],[7.58706,47.548807],[7.587049,47.548808],[7.587038,47.548809],[7.587027,47.54881],[7.586023,47.548915],[7.585695,47.548949],[7.585681,47.54895],[7.585668,47.548951],[7.585654,47.548952],[7.585641,47.548954],[7.585627,47.548955],[7.585614,47.548956],[7.585601,47.548958],[7.585587,47.548959],[7.585574,47.548961],[7.585561,47.548963],[7.585547,47.548965],[7.585534,47.548966],[7.585521,47.548968],[7.585508,47.54897],[7.585494,47.548972],[7.585481,47.548974],[7.585468,47.548976],[7.585455,47.548978],[7.585442,47.548981],[7.585429,47.548983],[7.585416,47.548985],[7.585403,47.548988],[7.58539,47.54899],[7.585377,47.548993],[7.585364,47.548995],[7.585351,47.548998],[7.585338,47.549001],[7.585325,47.549004],[7.585312,47.549006],[7.585299,47.549009],[7.585286,47.549012],[7.585273,47.549015],[7.585261,47.549018],[7.585248,47.549022],[7.585235,47.549025],[7.585223,47.549028],[7.58521,47.549031],[7.585197,47.549035],[7.585185,47.549038],[7.585172,47.549042],[7.58516,47.549045],[7.585147,47.549049],[7.585135,47.549053],[7.585123,47.549056],[7.58511,47.54906],[7.585098,47.549064],[7.585086,47.549068],[7.585074,47.549072],[7.585061,47.549076],[7.585049,47.54908],[7.585037,47.549084],[7.585025,47.549088],[7.585013,47.549092],[7.585001,47.549097],[7.584989,47.549101],[7.584977,47.549105],[7.584966,47.54911],[7.584954,47.549114],[7.584942,47.549119],[7.58493,47.549124],[7.584919,47.549128],[7.584907,47.549133],[7.584896,47.549138],[7.584884,47.549143],[7.584469,47.549303],[7.584303,47.549367],[7.584145,47.549429],[7.584052,47.54937],[7.584027,47.549351],[7.584002,47.549333],[7.583976,47.549314],[7.583951,47.549295],[7.58381,47.549359],[7.583667,47.549425],[7.583602,47.549455],[7.583508,47.549492],[7.583446,47.549517],[7.583279,47.549581],[7.583077,47.549659],[7.583011,47.549686],[7.582813,47.549766],[7.582759,47.549788],[7.582653,47.549836],[7.582709,47.549891],[7.582769,47.549964],[7.582561,47.550045],[7.581371,47.550505],[7.581219,47.550568],[7.580772,47.550753],[7.580416,47.550901],[7.580396,47.550908],[7.580377,47.550916],[7.580357,47.550923],[7.580338,47.550931],[7.580318,47.550939],[7.580299,47.550947],[7.58028,47.550954],[7.58026,47.550962],[7.580241,47.55097],[7.580222,47.550979],[7.580203,47.550987],[7.580184,47.550995],[7.580165,47.551003],[7.580146,47.551012],[7.580127,47.55102],[7.580109,47.551029],[7.58009,47.551037],[7.580072,47.551046],[7.580053,47.551055],[7.580035,47.551064],[7.580016,47.551072],[7.579998,47.551081],[7.57998,47.55109],[7.579962,47.5511],[7.579944,47.551109],[7.579926,47.551118],[7.579908,47.551127],[7.57989,47.551137],[7.579872,47.551146],[7.579854,47.551155],[7.579837,47.551165],[7.579819,47.551175],[7.579807,47.551181],[7.579796,47.551187],[7.579784,47.551194],[7.579772,47.551201],[7.579761,47.551207],[7.579749,47.551214],[7.579737,47.55122],[7.579726,47.551227],[7.579711,47.551236],[7.579696,47.551245],[7.579681,47.551254],[7.579666,47.551263],[7.579651,47.551272],[7.579636,47.551281],[7.579621,47.551291],[7.579607,47.5513],[7.57956,47.551329],[7.579513,47.551359],[7.579466,47.551389],[7.57942,47.551419],[7.579374,47.551449],[7.579328,47.551479],[7.579282,47.551509],[7.579236,47.55154],[7.579191,47.55157],[7.579146,47.551601],[7.5791,47.551631],[7.579055,47.551662],[7.579011,47.551693],[7.578966,47.551724],[7.578922,47.551756],[7.578877,47.551787],[7.578833,47.551819],[7.57879,47.55185],[7.578746,47.551882],[7.578702,47.551914],[7.578659,47.551946],[7.578616,47.551978],[7.578573,47.55201],[7.578531,47.552042],[7.578488,47.552075],[7.578446,47.552107],[7.578404,47.55214],[7.578362,47.552173],[7.57832,47.552205],[7.578278,47.552238],[7.578237,47.552272],[7.578196,47.552305],[7.578165,47.55233],[7.578134,47.552355],[7.578103,47.552381],[7.578072,47.552406],[7.578042,47.552431],[7.578011,47.552457],[7.577981,47.552483],[7.577951,47.552508],[7.577921,47.552534],[7.577891,47.55256],[7.577861,47.552586],[7.577831,47.552611],[7.577801,47.552637],[7.577772,47.552663],[7.577742,47.552689],[7.577713,47.552716],[7.577684,47.552742],[7.577655,47.552768],[7.577626,47.552794],[7.577597,47.552821],[7.577568,47.552847],[7.57754,47.552874],[7.577511,47.5529],[7.577483,47.552927],[7.577455,47.552954],[7.577427,47.55298],[7.577399,47.553007],[7.577371,47.553034],[7.577343,47.553061],[7.577315,47.553088],[7.577288,47.553115],[7.57726,47.553142],[7.577256,47.553146],[7.57721,47.553197],[7.577192,47.553215],[7.577175,47.553233],[7.577157,47.553251],[7.57714,47.553269],[7.577123,47.553287],[7.577106,47.553306],[7.577089,47.553324],[7.577072,47.553342],[7.577055,47.553361],[7.577038,47.553379],[7.577022,47.553398],[7.577005,47.553416],[7.576989,47.553435],[7.576972,47.553454],[7.576956,47.553472],[7.57694,47.553491],[7.576924,47.55351],[7.576908,47.553529],[7.576892,47.553547],[7.576877,47.553566],[7.576861,47.553585],[7.576845,47.553604],[7.57683,47.553623],[7.576815,47.553642],[7.5768,47.553661],[7.576785,47.553681],[7.57677,47.5537],[7.576755,47.553719],[7.57674,47.553738],[7.576726,47.553757],[7.576711,47.553777],[7.576697,47.553796],[7.576683,47.553814],[7.57667,47.553832],[7.576657,47.55385],[7.576644,47.553869],[7.576623,47.553896],[7.576602,47.553924],[7.576582,47.553952],[7.576562,47.553979],[7.576542,47.554007],[7.576522,47.554035],[7.576502,47.554063],[7.576482,47.554091],[7.576463,47.554119],[7.576444,47.554147],[7.576424,47.554175],[7.576405,47.554203],[7.576387,47.554231],[7.576368,47.55426],[7.57635,47.554288],[7.576331,47.554316],[7.576316,47.55434],[7.576301,47.554364],[7.576286,47.554388],[7.576271,47.554413],[7.576256,47.554437],[7.576241,47.554461],[7.576226,47.554485],[7.576212,47.55451],[7.576198,47.554534],[7.576183,47.554558],[7.576169,47.554583],[7.576155,47.554607],[7.576141,47.554631],[7.576127,47.554656],[7.576114,47.55468],[7.5761,47.554705],[7.576086,47.554731],[7.576072,47.554757],[7.576058,47.554783],[7.576045,47.554809],[7.576031,47.554835],[7.576018,47.554861],[7.576004,47.554887],[7.575991,47.554913],[7.575978,47.554939],[7.575965,47.554965],[7.575952,47.554991],[7.57594,47.555018],[7.575927,47.555044],[7.575915,47.55507],[7.575903,47.555096],[7.575891,47.555123],[7.575879,47.555149],[7.575867,47.555176],[7.575855,47.555202],[7.575844,47.555228],[7.575832,47.555255],[7.575821,47.555281],[7.57581,47.555308],[7.575799,47.555335],[7.575788,47.555361],[7.575778,47.555388],[7.575767,47.555414],[7.575757,47.555441],[7.575746,47.555468],[7.575736,47.555495],[7.575726,47.555521],[7.575717,47.555548],[7.57569,47.555628],[7.575637,47.555786],[7.575492,47.556279],[7.575475,47.556336],[7.575356,47.556765],[7.575301,47.556964],[7.575263,47.5571],[7.575254,47.557132],[7.575156,47.557491],[7.575068,47.557812],[7.574593,47.559536],[7.574552,47.559686],[7.574414,47.560168],[7.57432,47.560498],[7.574275,47.560658],[7.574167,47.561046],[7.573998,47.561653],[7.573915,47.561935],[7.574188,47.561917],[7.574253,47.561962],[7.575084,47.562502],[7.575602,47.56284],[7.576142,47.563192],[7.576249,47.563274],[7.576335,47.56334],[7.576878,47.563785],[7.576936,47.563834],[7.576999,47.563886],[7.577503,47.564301],[7.577579,47.564363],[7.578102,47.564794],[7.578174,47.564841],[7.578259,47.564897],[7.579122,47.565385],[7.579238,47.565437],[7.579782,47.565682],[7.579934,47.565747],[7.581112,47.566251],[7.581194,47.566288],[7.581627,47.566486],[7.581749,47.566542],[7.581753,47.566533],[7.581757,47.566525],[7.581761,47.566516],[7.581765,47.566507],[7.58177,47.566498],[7.581774,47.56649],[7.581779,47.566481],[7.581783,47.566472],[7.581788,47.566464],[7.581793,47.566455],[7.581798,47.566447],[7.581802,47.566438],[7.581808,47.566429],[7.581813,47.566421],[7.581818,47.566412],[7.581823,47.566404],[7.581829,47.566396],[7.581834,47.566387],[7.58184,47.566379],[7.581845,47.56637],[7.581851,47.566362],[7.581857,47.566354],[7.581863,47.566345],[7.581869,47.566337],[7.581875,47.566329],[7.581881,47.566321],[7.581887,47.566313],[7.581893,47.566304],[7.5819,47.566296],[7.581906,47.566288],[7.581913,47.56628],[7.581919,47.566272],[7.582075,47.566134],[7.58229,47.565943],[7.582298,47.565936],[7.582305,47.565929],[7.582313,47.565923],[7.582321,47.565916],[7.582322,47.565915],[7.582331,47.565907],[7.58234,47.5659],[7.582349,47.565892],[7.582358,47.565885],[7.582367,47.565878],[7.582376,47.56587],[7.582385,47.565863],[7.582395,47.565856],[7.582404,47.565848],[7.582413,47.565841],[7.582423,47.565834],[7.582433,47.565827],[7.582442,47.56582],[7.582452,47.565813],[7.582462,47.565806],[7.582471,47.565799],[7.58271,47.565639],[7.582721,47.565631],[7.582732,47.565623],[7.582743,47.565615],[7.582754,47.565607],[7.582765,47.5656],[7.582776,47.565592],[7.582787,47.565584],[7.582798,47.565576],[7.582809,47.565568],[7.582819,47.565559],[7.58283,47.565551],[7.58284,47.565543],[7.58285,47.565535],[7.582861,47.565526],[7.582871,47.565518],[7.582881,47.56551],[7.582741,47.565454],[7.58206,47.565183],[7.581911,47.565106],[7.581909,47.565105],[7.581906,47.565104],[7.581903,47.565103],[7.581901,47.565102],[7.581899,47.565101],[7.581896,47.5651],[7.581894,47.565099],[7.581891,47.565098],[7.581889,47.565096],[7.581887,47.565095],[7.581885,47.565094],[7.581883,47.565092],[7.581881,47.565091],[7.581879,47.565089],[7.581877,47.565088],[7.581875,47.565086],[7.581873,47.565085],[7.581871,47.565083],[7.581869,47.565082],[7.581868,47.56508],[7.581866,47.565078],[7.581865,47.565077],[7.581863,47.565075],[7.581862,47.565073],[7.581861,47.565071],[7.581859,47.56507],[7.581858,47.565068],[7.581857,47.565066],[7.581856,47.565064],[7.581855,47.565062],[7.581854,47.56506],[7.581854,47.565058],[7.581853,47.565056],[7.581852,47.565054],[7.581852,47.565052],[7.581851,47.56505],[7.581851,47.565048],[7.581851,47.565047],[7.58185,47.565045],[7.58185,47.565043],[7.58185,47.565041],[7.58185,47.565039],[7.58185,47.565037],[7.581851,47.565035],[7.581851,47.565033],[7.581851,47.565031],[7.581852,47.565029],[7.581852,47.565027],[7.581853,47.565025],[7.581853,47.565023],[7.581854,47.565021],[7.581855,47.565019],[7.581856,47.565017],[7.581857,47.565015],[7.581858,47.565013],[7.581859,47.565012],[7.58186,47.56501],[7.581861,47.565008],[7.581862,47.565006],[7.581864,47.565004],[7.581865,47.565003],[7.581867,47.565001],[7.581868,47.564999],[7.58187,47.564998],[7.58258,47.564444],[7.582632,47.564402],[7.582627,47.5644],[7.582621,47.564398],[7.582615,47.564395],[7.58261,47.564393],[7.582604,47.56439],[7.582599,47.564388],[7.582593,47.564385],[7.582588,47.564383],[7.582583,47.56438],[7.582577,47.564377],[7.582572,47.564375],[7.582567,47.564372],[7.582562,47.564369],[7.582556,47.564366],[7.582551,47.564363],[7.582546,47.56436],[7.582066,47.564078],[7.581993,47.564034],[7.582594,47.563564],[7.582689,47.563483],[7.582583,47.563398],[7.581711,47.562707],[7.581109,47.562241],[7.581099,47.562233],[7.581089,47.562224],[7.581079,47.562216],[7.581069,47.562207],[7.581059,47.562198],[7.58105,47.562189],[7.581041,47.56218],[7.581031,47.562171],[7.581022,47.562162],[7.581014,47.562153],[7.581005,47.562144],[7.580996,47.562135],[7.580988,47.562125],[7.58098,47.562116],[7.580972,47.562106],[7.580964,47.562097],[7.580957,47.562087],[7.580949,47.562077],[7.580942,47.562067],[7.580935,47.562058],[7.580928,47.562048],[7.580921,47.562038],[7.580914,47.562028],[7.580908,47.562018],[7.580902,47.562008],[7.580896,47.561998],[7.58089,47.561987],[7.580884,47.561977],[7.580879,47.561967],[7.580873,47.561956],[7.580868,47.561946],[7.580863,47.561936],[7.580526,47.561219],[7.580086,47.560285],[7.580083,47.560281],[7.580081,47.560276],[7.580079,47.560272],[7.580076,47.560267],[7.580074,47.560263],[7.580072,47.560258],[7.58007,47.560253],[7.580068,47.560249],[7.580067,47.560244],[7.580065,47.56024],[7.580064,47.560235],[7.580062,47.56023],[7.580061,47.560226],[7.580059,47.560221],[7.580058,47.560216],[7.580057,47.560211],[7.580056,47.560207],[7.580055,47.560202],[7.580054,47.560197],[7.580054,47.560193],[7.580053,47.560188],[7.580053,47.560183],[7.580052,47.560178],[7.580052,47.560174],[7.580052,47.560169],[7.580052,47.560164],[7.580052,47.560159],[7.580052,47.560154],[7.580052,47.56015],[7.580052,47.560145],[7.580053,47.56014],[7.580053,47.560135],[7.580054,47.560131],[7.580054,47.560126],[7.580055,47.560121],[7.580056,47.560117],[7.580057,47.560112],[7.580058,47.560107],[7.580059,47.560103],[7.58006,47.560098],[7.580061,47.560093],[7.580063,47.560089],[7.580064,47.560084],[7.580066,47.56008],[7.580068,47.560075],[7.580069,47.560071],[7.580071,47.560066],[7.580073,47.560062],[7.580075,47.560057],[7.580077,47.560053],[7.58008,47.560048],[7.580082,47.560044],[7.580084,47.560039],[7.580087,47.560035],[7.580089,47.560031],[7.580092,47.560026],[7.580095,47.560022],[7.580098,47.560018],[7.580101,47.560013],[7.580104,47.560009],[7.580107,47.560005],[7.58011,47.560001],[7.580113,47.559997],[7.580117,47.559992],[7.580525,47.559678],[7.580533,47.559672],[7.580541,47.559665],[7.580548,47.559659],[7.580556,47.559652],[7.580563,47.559646],[7.58057,47.559639],[7.580577,47.559632],[7.580584,47.559625],[7.580591,47.559619],[7.580597,47.559612],[7.580604,47.559604],[7.58061,47.559597],[7.580616,47.55959],[7.580622,47.559583],[7.580627,47.559575],[7.580633,47.559568],[7.580638,47.559561],[7.580643,47.559553],[7.580648,47.559545],[7.580653,47.559538],[7.580658,47.55953],[7.580662,47.559522],[7.580666,47.559515],[7.58067,47.559507],[7.580674,47.559499],[7.580678,47.559491],[7.580681,47.559483],[7.580684,47.559475],[7.580687,47.559467],[7.58069,47.559459],[7.580693,47.559451],[7.580695,47.559443],[7.580735,47.559302],[7.580908,47.558548],[7.580912,47.558531],[7.580917,47.558514],[7.580922,47.558496],[7.580927,47.558479],[7.580931,47.558462],[7.580936,47.558444],[7.58094,47.558427],[7.580945,47.558409],[7.580949,47.558392],[7.580953,47.558375],[7.580957,47.558357],[7.580961,47.55834],[7.580965,47.558322],[7.580969,47.558305],[7.580973,47.558287],[7.580976,47.55827],[7.580982,47.558243],[7.580987,47.558217],[7.580992,47.55819],[7.580997,47.558164],[7.581,47.558143],[7.581004,47.558122],[7.581007,47.558101],[7.58101,47.558081],[7.581013,47.55806],[7.581016,47.558039],[7.581019,47.558019],[7.581022,47.557998],[7.581024,47.557977],[7.581027,47.557956],[7.581029,47.557936],[7.581031,47.557915],[7.581033,47.557894],[7.581035,47.557873],[7.581037,47.557852],[7.581039,47.557832],[7.58104,47.557811],[7.581042,47.55779],[7.581043,47.557769],[7.581044,47.557748],[7.581045,47.557728],[7.581046,47.557707],[7.581047,47.557686],[7.581048,47.557665],[7.581048,47.557644],[7.581049,47.557623],[7.581049,47.557603],[7.581049,47.557582],[7.581049,47.557561],[7.581049,47.55754],[7.581049,47.557519],[7.581049,47.557498],[7.581048,47.557471],[7.581048,47.557444],[7.581047,47.557416],[7.581045,47.557389],[7.581045,47.55693],[7.581045,47.556921],[7.581045,47.556912],[7.581045,47.556903],[7.581045,47.556894],[7.581045,47.556885],[7.581046,47.556876],[7.581046,47.556867],[7.581047,47.556857],[7.581047,47.556848],[7.581048,47.556839],[7.581049,47.55683],[7.58105,47.556821],[7.581051,47.556812],[7.581052,47.556803],[7.581053,47.556794],[7.581054,47.556785],[7.581055,47.556776],[7.581056,47.556767],[7.581058,47.556758],[7.581059,47.556749],[7.581061,47.556741],[7.581062,47.556732],[7.581064,47.556723],[7.581066,47.556714],[7.581067,47.556705],[7.581069,47.556696],[7.581071,47.556687],[7.581073,47.556678],[7.581075,47.556669],[7.581077,47.55666],[7.58108,47.556651],[7.581082,47.556642],[7.581084,47.556636],[7.581086,47.55663],[7.581088,47.556625],[7.581091,47.556619],[7.581093,47.556613],[7.581095,47.556607],[7.581098,47.556601],[7.581101,47.556595],[7.581104,47.55659],[7.581106,47.556584],[7.581109,47.556578],[7.581113,47.556572],[7.581116,47.556567],[7.581119,47.556561],[7.581122,47.556555],[7.581126,47.55655],[7.581129,47.556544],[7.581133,47.556539],[7.581137,47.556533],[7.581141,47.556528],[7.581145,47.556522],[7.581149,47.556517],[7.581153,47.556512],[7.581157,47.556506],[7.581162,47.556501],[7.581166,47.556496],[7.581171,47.55649],[7.581175,47.556485],[7.58118,47.55648],[7.581185,47.556475],[7.58119,47.55647],[7.581195,47.556465],[7.5812,47.55646],[7.581205,47.556455],[7.58121,47.55645],[7.581216,47.556445],[7.581221,47.55644],[7.581227,47.556435],[7.581232,47.556431],[7.581238,47.556426],[7.581244,47.556421],[7.581249,47.556417],[7.581255,47.556412],[7.581261,47.556408],[7.581267,47.556403],[7.581274,47.556399],[7.58128,47.556394],[7.581286,47.55639],[7.581293,47.556386],[7.581299,47.556381],[7.581306,47.556377],[7.581312,47.556373],[7.581319,47.556369],[7.581326,47.556365],[7.581332,47.556361],[7.581339,47.556357],[7.581346,47.556353],[7.581353,47.55635],[7.58136,47.556346],[7.581367,47.556342],[7.581375,47.556339],[7.581382,47.556335],[7.581389,47.556332],[7.581397,47.556328],[7.581406,47.556324],[7.581416,47.55632],[7.581426,47.556315],[7.581436,47.556311],[7.581446,47.556308],[7.581456,47.556304],[7.581466,47.5563],[7.581476,47.556296],[7.581486,47.556293],[7.581497,47.556289],[7.581507,47.556286],[7.581518,47.556283],[7.581529,47.55628],[7.581539,47.556277],[7.58155,47.556274],[7.581561,47.556271],[7.582403,47.556069],[7.58285,47.555961],[7.583638,47.555771],[7.583675,47.555763],[7.584104,47.555674],[7.584183,47.555658],[7.584559,47.55558],[7.584566,47.555578],[7.584574,47.555576],[7.584581,47.555574],[7.584589,47.555571],[7.584596,47.555569],[7.584603,47.555567],[7.584611,47.555564],[7.584618,47.555561],[7.584625,47.555559],[7.584632,47.555556],[7.584639,47.555553],[7.584646,47.55555],[7.584653,47.555547],[7.58466,47.555544],[7.584666,47.555541],[7.584673,47.555537],[7.584679,47.555534],[7.584686,47.555531],[7.584692,47.555527],[7.584698,47.555523],[7.584704,47.55552],[7.58471,47.555516],[7.584716,47.555512],[7.584722,47.555508],[7.584728,47.555504],[7.584733,47.5555],[7.584739,47.555496],[7.584744,47.555492],[7.584749,47.555488],[7.584754,47.555484],[7.584759,47.555479],[7.584764,47.555475],[7.585554,47.554161],[7.585623,47.554048],[7.585792,47.553768],[7.585994,47.553433],[7.586031,47.553368],[7.586205,47.553058],[7.586021,47.55281],[7.585678,47.552348],[7.585535,47.552156]]],"type":"Polygon"},"properties":{"geo_point_2d":{"lon":7.580179331323106,"lat":47.55693476869014},"wov_id":"03","wov_label":"3","wov_name":"Am Ring","gemeinde_name":"Basel"}},{"type":"Feature","geometry":{"coordinates":[[[7.622518,47.542722],[7.622497,47.542431],[7.622493,47.542376],[7.622462,47.542383],[7.62243,47.54239],[7.622399,47.542397],[7.622367,47.542405],[7.622336,47.542412],[7.622305,47.54242],[7.622274,47.542428],[7.622242,47.542435],[7.622211,47.542443],[7.62218,47.542451],[7.622149,47.542459],[7.622118,47.542467],[7.622087,47.542476],[7.622056,47.542484],[7.622025,47.542492],[7.621994,47.542501],[7.621964,47.542509],[7.621933,47.542518],[7.621902,47.542527],[7.621872,47.542535],[7.621841,47.542544],[7.621811,47.542553],[7.62178,47.542562],[7.62175,47.542571],[7.62172,47.542581],[7.621689,47.54259],[7.621659,47.542599],[7.621629,47.542609],[7.621599,47.542618],[7.621569,47.542628],[7.621539,47.542638],[7.621509,47.542647],[7.621443,47.542668],[7.621378,47.542688],[7.621313,47.542709],[7.621248,47.542729],[7.621183,47.54275],[7.621118,47.542771],[7.621054,47.542792],[7.620989,47.542813],[7.620924,47.542835],[7.62086,47.542856],[7.620796,47.542878],[7.620732,47.5429],[7.61658,47.54431],[7.616588,47.544879],[7.616591,47.54509],[7.616706,47.545091],[7.617024,47.545092],[7.617174,47.545093],[7.617176,47.545037],[7.617223,47.545038],[7.617977,47.545053],[7.618595,47.545065],[7.618814,47.545079],[7.618909,47.545085],[7.618926,47.544982],[7.618948,47.544843],[7.619215,47.54485],[7.619577,47.544859],[7.619763,47.544864],[7.619757,47.544892],[7.619748,47.544936],[7.61974,47.544974],[7.619738,47.544981],[7.619727,47.545025],[7.619716,47.545069],[7.619705,47.545114],[7.619695,47.545158],[7.619684,47.545203],[7.619673,47.545247],[7.619662,47.545291],[7.619651,47.545336],[7.61964,47.54538],[7.619629,47.545424],[7.619618,47.545469],[7.619609,47.545508],[7.619607,47.545513],[7.619596,47.545557],[7.619586,47.545602],[7.619575,47.545646],[7.619564,47.54569],[7.619553,47.545735],[7.619542,47.545779],[7.619531,47.545824],[7.61952,47.545868],[7.619518,47.545879],[7.619511,47.545912],[7.619502,47.545957],[7.619494,47.546002],[7.619485,47.546046],[7.619476,47.546091],[7.619467,47.546135],[7.619459,47.54618],[7.61945,47.546225],[7.619441,47.546269],[7.619435,47.546298],[7.619432,47.546314],[7.619421,47.546358],[7.619411,47.546402],[7.619401,47.546447],[7.61939,47.546491],[7.61938,47.546536],[7.619373,47.546564],[7.619369,47.54658],[7.619359,47.546624],[7.619348,47.546669],[7.619338,47.546713],[7.619327,47.546758],[7.619317,47.546802],[7.619306,47.546847],[7.619296,47.546891],[7.619285,47.546935],[7.619275,47.54698],[7.619264,47.547024],[7.619254,47.547069],[7.619243,47.547113],[7.619241,47.547121],[7.619239,47.547158],[7.619236,47.547203],[7.619233,47.547248],[7.619229,47.547293],[7.619226,47.547337],[7.619223,47.547382],[7.61922,47.547427],[7.619217,47.547472],[7.619214,47.547507],[7.619218,47.547517],[7.619232,47.547561],[7.619247,47.547605],[7.619261,47.547649],[7.619275,47.547692],[7.61929,47.547736],[7.619304,47.54778],[7.619307,47.547788],[7.61933,47.547822],[7.619357,47.547863],[7.619385,47.547903],[7.619412,47.547944],[7.61944,47.547985],[7.619468,47.548026],[7.619495,47.548067],[7.619523,47.548108],[7.61955,47.548149],[7.619554,47.548154],[7.619576,47.54819],[7.619601,47.548232],[7.619626,47.548274],[7.619651,47.548315],[7.619676,47.548357],[7.619688,47.548377],[7.6197,47.548399],[7.619722,47.548441],[7.619744,47.548484],[7.619766,47.548525],[7.619766,47.548526],[7.61976,47.548571],[7.619754,47.548616],[7.619748,47.548661],[7.619742,47.548705],[7.619736,47.54875],[7.619732,47.548782],[7.61973,47.548795],[7.619726,47.54884],[7.619721,47.548885],[7.619716,47.54893],[7.619712,47.548967],[7.619715,47.548974],[7.619732,47.549017],[7.61975,47.549061],[7.619767,47.549104],[7.619768,47.549105],[7.619808,47.54914],[7.619849,47.549175],[7.619889,47.549211],[7.61993,47.549246],[7.619938,47.549252],[7.619972,47.549281],[7.620014,47.549316],[7.620055,47.549351],[7.620097,47.549386],[7.620139,47.549421],[7.62018,47.549456],[7.620222,47.549491],[7.620264,47.549526],[7.620305,47.549561],[7.620311,47.549566],[7.620333,47.549602],[7.620358,47.549644],[7.620384,47.549685],[7.620409,47.549727],[7.620424,47.549751],[7.62043,47.549769],[7.620444,47.549813],[7.620458,47.549857],[7.620472,47.549901],[7.620474,47.549908],[7.620464,47.549945],[7.620451,47.549989],[7.620439,47.550032],[7.620438,47.550034],[7.620405,47.550072],[7.620371,47.550111],[7.620348,47.550137],[7.620333,47.550148],[7.620286,47.550179],[7.620239,47.550211],[7.620194,47.550242],[7.620192,47.550243],[7.620137,47.550268],[7.620082,47.550293],[7.620027,47.550319],[7.619997,47.550333],[7.619969,47.55034],[7.619907,47.550356],[7.619845,47.550372],[7.619783,47.550388],[7.619772,47.55039],[7.619719,47.5504],[7.619655,47.550411],[7.61959,47.550422],[7.619526,47.550434],[7.61946,47.550439],[7.619394,47.550445],[7.619328,47.55045],[7.619295,47.550453],[7.619262,47.550455],[7.619196,47.55046],[7.61913,47.550465],[7.619064,47.55047],[7.618998,47.550474],[7.618932,47.550479],[7.618866,47.550484],[7.618824,47.550487],[7.6188,47.550489],[7.618735,47.550497],[7.618669,47.550504],[7.618604,47.550512],[7.618538,47.550519],[7.618521,47.550521],[7.618476,47.550534],[7.618414,47.550551],[7.618353,47.550568],[7.618291,47.550585],[7.61823,47.550602],[7.618213,47.550607],[7.618171,47.550623],[7.618114,47.550646],[7.618056,47.550668],[7.617999,47.550691],[7.617941,47.550713],[7.617884,47.550736],[7.617847,47.55075],[7.617826,47.550758],[7.617768,47.550779],[7.617709,47.550801],[7.617651,47.550822],[7.617592,47.550843],[7.617534,47.550865],[7.617475,47.550886],[7.617417,47.550907],[7.617363,47.550927],[7.617358,47.550928],[7.617297,47.550946],[7.617236,47.550964],[7.617175,47.550982],[7.617114,47.550999],[7.617053,47.551017],[7.616992,47.551035],[7.616931,47.551052],[7.616885,47.551066],[7.61687,47.551071],[7.616812,47.551093],[7.616754,47.551114],[7.616695,47.551135],[7.616637,47.551157],[7.616579,47.551178],[7.616534,47.551195],[7.616524,47.551203],[7.616479,47.551236],[7.616435,47.55127],[7.616391,47.551303],[7.616352,47.551333],[7.616347,47.551337],[7.6163,47.551369],[7.616254,47.551401],[7.616208,47.551434],[7.616161,47.551466],[7.616131,47.551487],[7.616115,47.551498],[7.616069,47.55153],[7.616057,47.551538],[7.616024,47.551564],[7.615981,47.551598],[7.615937,47.551632],[7.615893,47.551665],[7.61585,47.551699],[7.615806,47.551733],[7.615806,47.551734],[7.615768,47.55177],[7.61573,47.551807],[7.615692,47.551844],[7.615654,47.551881],[7.615616,47.551918],[7.615609,47.551924],[7.615588,47.551958],[7.615561,47.551999],[7.615535,47.552041],[7.615508,47.552082],[7.615482,47.552123],[7.615469,47.552143],[7.615452,47.552163],[7.61542,47.552203],[7.615388,47.552242],[7.615355,47.552281],[7.615343,47.552296],[7.615312,47.552315],[7.615263,47.552345],[7.615213,47.552374],[7.615163,47.552404],[7.615153,47.55241],[7.615112,47.552433],[7.615061,47.552462],[7.61501,47.55249],[7.614958,47.552519],[7.614907,47.552547],[7.614855,47.552575],[7.614852,47.552577],[7.614818,47.552612],[7.614782,47.55265],[7.614745,47.552688],[7.614709,47.552725],[7.61469,47.552744],[7.614681,47.552766],[7.614662,47.552809],[7.614644,47.552852],[7.614625,47.552895],[7.614606,47.552938],[7.614587,47.552981],[7.614568,47.553025],[7.61455,47.553068],[7.614537,47.553097],[7.614528,47.55311],[7.614501,47.553151],[7.614474,47.553192],[7.614447,47.553233],[7.61442,47.553274],[7.614393,47.553316],[7.614366,47.553357],[7.614355,47.553373],[7.614337,47.553397],[7.614306,47.553437],[7.614274,47.553476],[7.614243,47.553516],[7.614212,47.553556],[7.614181,47.553596],[7.61418,47.553597],[7.61414,47.553631],[7.614098,47.553666],[7.614056,47.553701],[7.614026,47.553726],[7.614011,47.553733],[7.613958,47.553761],[7.613906,47.553788],[7.613878,47.553802],[7.613847,47.553808],[7.613783,47.55382],[7.613719,47.553832],[7.613675,47.55384],[7.613655,47.553839],[7.613589,47.553834],[7.613523,47.553829],[7.613457,47.553823],[7.613436,47.553822],[7.613391,47.553818],[7.613325,47.553812],[7.613259,47.553806],[7.613193,47.5538],[7.613127,47.553794],[7.613062,47.553788],[7.612996,47.553782],[7.61293,47.553776],[7.612915,47.553775],[7.612864,47.553772],[7.612798,47.553768],[7.612731,47.553765],[7.612665,47.553761],[7.612599,47.553758],[7.612533,47.553754],[7.612466,47.553751],[7.612402,47.553747],[7.6124,47.553747],[7.612334,47.553746],[7.612267,47.553745],[7.612201,47.553743],[7.612135,47.553742],[7.612068,47.553741],[7.612002,47.553739],[7.611945,47.553738],[7.611935,47.553738],[7.611869,47.553737],[7.611803,47.553736],[7.611736,47.553735],[7.61167,47.553735],[7.611603,47.553734],[7.611537,47.553733],[7.61147,47.553732],[7.611404,47.553731],[7.611338,47.55373],[7.611305,47.55373],[7.611271,47.553731],[7.611205,47.553733],[7.611139,47.553735],[7.611072,47.553738],[7.611006,47.55374],[7.610939,47.553742],[7.610873,47.553744],[7.610807,47.553747],[7.61074,47.553749],[7.610714,47.55375],[7.610674,47.553752],[7.610608,47.553757],[7.610542,47.553761],[7.610476,47.553766],[7.61041,47.55377],[7.610356,47.553774],[7.610344,47.553775],[7.610278,47.553779],[7.610211,47.553783],[7.610145,47.553787],[7.610079,47.553791],[7.610013,47.553796],[7.609947,47.5538],[7.609881,47.553804],[7.609815,47.553808],[7.609815,47.553808],[7.609749,47.553813],[7.609683,47.553818],[7.609642,47.553821],[7.60952,47.553979],[7.609424,47.554103],[7.609409,47.554145],[7.609285,47.554122],[7.608636,47.553998],[7.608537,47.55398],[7.607386,47.553767],[7.607371,47.553764],[7.607356,47.553761],[7.607341,47.553758],[7.607325,47.553756],[7.60731,47.553753],[7.607295,47.55375],[7.607279,47.553748],[7.607264,47.553745],[7.607249,47.553742],[7.607233,47.55374],[7.607218,47.553737],[7.607203,47.553735],[7.607187,47.553733],[7.607172,47.55373],[7.607156,47.553728],[7.607141,47.553726],[7.607124,47.553724],[7.607106,47.553721],[7.607089,47.553719],[7.607072,47.553717],[7.607054,47.553715],[7.607037,47.553712],[7.60702,47.55371],[7.607002,47.553708],[7.606975,47.553705],[7.606948,47.553702],[7.606921,47.553699],[7.606894,47.553696],[7.606866,47.553694],[7.606839,47.553691],[7.606812,47.553689],[7.606784,47.553687],[7.606757,47.553684],[7.60673,47.553682],[7.606702,47.553681],[7.606675,47.553679],[7.606647,47.553677],[7.60662,47.553676],[7.606592,47.553674],[7.606565,47.553673],[7.606537,47.553672],[7.60651,47.553671],[7.606482,47.55367],[7.606455,47.553669],[7.606427,47.553669],[7.6064,47.553668],[7.606372,47.553668],[7.606345,47.553668],[7.606317,47.553668],[7.60629,47.553668],[7.606262,47.553668],[7.606235,47.553668],[7.606207,47.553669],[7.60618,47.553669],[7.606152,47.55367],[7.606125,47.553671],[7.605431,47.553693],[7.605333,47.553711],[7.605322,47.553712],[7.604334,47.553745],[7.60433,47.553766],[7.604323,47.553803],[7.604233,47.554222],[7.604088,47.554833],[7.604067,47.554971],[7.604058,47.555032],[7.604044,47.555078],[7.603967,47.555339],[7.603982,47.55534],[7.604733,47.555398],[7.606493,47.555499],[7.607777,47.555709],[7.609596,47.556061],[7.610442,47.556366],[7.611069,47.556514],[7.611402,47.556593],[7.612636,47.556776],[7.613923,47.557157],[7.614194,47.557237],[7.614436,47.557321],[7.614782,47.557442],[7.614855,47.557468],[7.614902,47.557484],[7.615336,47.557635],[7.617329,47.557857],[7.617807,47.557605],[7.617811,47.557564],[7.617815,47.557522],[7.617818,47.55748],[7.617822,47.557439],[7.617825,47.557397],[7.617828,47.557355],[7.61783,47.557314],[7.617833,47.557272],[7.617835,47.557236],[7.617836,47.5572],[7.617838,47.557164],[7.617838,47.557158],[7.617839,47.557129],[7.617841,47.557094],[7.617842,47.557059],[7.617842,47.557024],[7.617843,47.556989],[7.617843,47.556954],[7.617844,47.556919],[7.617843,47.556884],[7.617843,47.556849],[7.617843,47.556815],[7.617842,47.55678],[7.617841,47.556745],[7.61784,47.55671],[7.617838,47.556675],[7.617837,47.55664],[7.617835,47.556605],[7.617833,47.55657],[7.61783,47.556536],[7.617828,47.556501],[7.617825,47.556466],[7.617822,47.556431],[7.617819,47.556396],[7.617816,47.556361],[7.617812,47.556327],[7.617808,47.556292],[7.617804,47.556257],[7.6178,47.556222],[7.617795,47.556187],[7.617791,47.556153],[7.617786,47.556118],[7.617784,47.556104],[7.61778,47.556083],[7.617775,47.556049],[7.617769,47.556014],[7.617761,47.555958],[7.617752,47.555902],[7.617743,47.555846],[7.617733,47.55579],[7.617724,47.555734],[7.617714,47.555678],[7.617704,47.555622],[7.617694,47.555566],[7.617684,47.55551],[7.617674,47.555454],[7.617663,47.555398],[7.617652,47.555343],[7.617641,47.555287],[7.617631,47.555237],[7.61763,47.555231],[7.617618,47.555175],[7.617607,47.555119],[7.617604,47.555107],[7.617602,47.555094],[7.6176,47.555082],[7.617598,47.555069],[7.617596,47.555056],[7.617594,47.555044],[7.617593,47.555031],[7.617591,47.555018],[7.61759,47.555006],[7.617589,47.554993],[7.617588,47.55498],[7.617588,47.554967],[7.617587,47.554955],[7.617587,47.554942],[7.617587,47.554929],[7.617587,47.554917],[7.617587,47.554904],[7.617587,47.554891],[7.617587,47.554884],[7.617588,47.554879],[7.617588,47.554866],[7.617589,47.554853],[7.61759,47.55484],[7.617591,47.554828],[7.617593,47.554815],[7.617594,47.554802],[7.617596,47.55479],[7.617597,47.554777],[7.617599,47.554769],[7.617599,47.554764],[7.617602,47.554752],[7.617604,47.554739],[7.617606,47.554727],[7.617609,47.554714],[7.617612,47.554701],[7.617615,47.554689],[7.617618,47.554676],[7.617621,47.554664],[7.617625,47.554651],[7.617628,47.554639],[7.617632,47.554626],[7.617636,47.554614],[7.61764,47.554602],[7.617644,47.554589],[7.617649,47.554577],[7.617653,47.554565],[7.617658,47.554552],[7.617663,47.55454],[7.617665,47.554535],[7.617668,47.554528],[7.617673,47.554516],[7.617679,47.554503],[7.617684,47.554491],[7.61769,47.554479],[7.617696,47.554467],[7.617702,47.554455],[7.617707,47.554446],[7.617708,47.554443],[7.617714,47.554431],[7.617721,47.554419],[7.617727,47.554407],[7.617734,47.554395],[7.617741,47.554384],[7.617748,47.554372],[7.617755,47.55436],[7.617763,47.554348],[7.61777,47.554337],[7.617778,47.554325],[7.617789,47.554307],[7.617799,47.55429],[7.61781,47.554272],[7.617821,47.554254],[7.617833,47.554237],[7.617838,47.554228],[7.617844,47.554219],[7.617856,47.554202],[7.617868,47.554184],[7.61788,47.554167],[7.617893,47.55415],[7.617894,47.554148],[7.617906,47.554133],[7.617919,47.554116],[7.617932,47.554099],[7.617945,47.554082],[7.617959,47.554065],[7.617973,47.554048],[7.617987,47.554032],[7.618001,47.554015],[7.618016,47.553998],[7.618031,47.553982],[7.618046,47.553966],[7.618061,47.55395],[7.618076,47.553934],[7.618092,47.553918],[7.618102,47.553908],[7.618108,47.553902],[7.618114,47.553896],[7.618124,47.553886],[7.61814,47.55387],[7.618157,47.553854],[7.618173,47.553839],[7.61819,47.553823],[7.618207,47.553808],[7.618225,47.553793],[7.618242,47.553778],[7.61826,47.553763],[7.618278,47.553748],[7.618296,47.553733],[7.618314,47.553719],[7.618332,47.553704],[7.618346,47.553693],[7.618351,47.553689],[7.61837,47.553675],[7.618389,47.553661],[7.618408,47.553647],[7.618428,47.553633],[7.618447,47.553619],[7.618467,47.553605],[7.618485,47.553593],[7.618487,47.553592],[7.618507,47.553578],[7.618528,47.553565],[7.618548,47.553552],[7.618569,47.553538],[7.61859,47.553525],[7.618611,47.553512],[7.618632,47.5535],[7.618653,47.553487],[7.618675,47.553475],[7.618696,47.553462],[7.618718,47.55345],[7.61874,47.553438],[7.618762,47.553426],[7.618785,47.553414],[7.618807,47.553403],[7.61882,47.553396],[7.61883,47.553391],[7.618853,47.55338],[7.618876,47.553368],[7.619366,47.553121],[7.62041,47.552596],[7.620446,47.552578],[7.62048,47.552561],[7.620515,47.552543],[7.62055,47.552525],[7.620584,47.552507],[7.620618,47.552489],[7.620653,47.55247],[7.620686,47.552452],[7.62072,47.552433],[7.620754,47.552414],[7.620787,47.552396],[7.620821,47.552377],[7.620854,47.552357],[7.620887,47.552338],[7.620919,47.552319],[7.620952,47.552299],[7.620984,47.552279],[7.621017,47.55226],[7.621049,47.55224],[7.621081,47.55222],[7.621112,47.552199],[7.621144,47.552179],[7.621175,47.552159],[7.621207,47.552138],[7.621238,47.552117],[7.621268,47.552096],[7.621299,47.552076],[7.621329,47.552054],[7.62136,47.552033],[7.62139,47.552012],[7.62142,47.55199],[7.621449,47.551969],[7.621464,47.551958],[7.621479,47.551946],[7.621494,47.551935],[7.621508,47.551923],[7.621523,47.551912],[7.621538,47.5519],[7.621552,47.551889],[7.621566,47.551877],[7.621581,47.551866],[7.621595,47.551854],[7.621609,47.551842],[7.621623,47.551831],[7.621638,47.551819],[7.621652,47.551807],[7.621666,47.551795],[7.621679,47.551783],[7.621693,47.551771],[7.621707,47.55176],[7.621721,47.551748],[7.621734,47.551736],[7.621748,47.551724],[7.621761,47.551711],[7.621775,47.551699],[7.621788,47.551687],[7.621802,47.551675],[7.621815,47.551663],[7.621828,47.551651],[7.621841,47.551638],[7.621854,47.551626],[7.621867,47.551614],[7.62188,47.551601],[7.621893,47.551589],[7.621905,47.551576],[7.621918,47.551564],[7.621931,47.551551],[7.621943,47.551539],[7.621956,47.551526],[7.621968,47.551514],[7.621981,47.551501],[7.621993,47.551488],[7.622005,47.551476],[7.622017,47.551463],[7.622029,47.55145],[7.622041,47.551438],[7.622053,47.551425],[7.622065,47.551412],[7.622077,47.551399],[7.622088,47.551386],[7.6221,47.551373],[7.622112,47.55136],[7.622123,47.551347],[7.622135,47.551334],[7.622146,47.551321],[7.622157,47.551308],[7.622168,47.551295],[7.622179,47.551282],[7.622191,47.551269],[7.622202,47.551255],[7.622212,47.551242],[7.622223,47.551229],[7.622234,47.551216],[7.622245,47.551202],[7.622255,47.551189],[7.622266,47.551176],[7.622276,47.551162],[7.622287,47.551149],[7.622297,47.551136],[7.622307,47.551122],[7.622317,47.551109],[7.622327,47.551096],[7.622337,47.551082],[7.622347,47.551069],[7.622357,47.551055],[7.622367,47.551042],[7.622376,47.551028],[7.622386,47.551014],[7.622395,47.551001],[7.622405,47.550987],[7.622414,47.550974],[7.622424,47.55096],[7.622433,47.550946],[7.622442,47.550932],[7.622451,47.550919],[7.62246,47.550905],[7.622469,47.550891],[7.622478,47.550877],[7.622486,47.550864],[7.622495,47.55085],[7.622504,47.550836],[7.622512,47.550822],[7.622521,47.550808],[7.622529,47.550794],[7.622537,47.55078],[7.622546,47.550766],[7.622554,47.550752],[7.622562,47.550738],[7.62257,47.550724],[7.622578,47.55071],[7.622586,47.550696],[7.622593,47.550682],[7.622601,47.550668],[7.622609,47.550653],[7.622616,47.550639],[7.622624,47.550625],[7.622631,47.550611],[7.622638,47.550597],[7.622646,47.550582],[7.622653,47.550568],[7.62266,47.550554],[7.622667,47.55054],[7.622674,47.550525],[7.622681,47.550511],[7.622687,47.550497],[7.622694,47.550482],[7.622701,47.550468],[7.622707,47.550454],[7.622714,47.550439],[7.62272,47.550425],[7.622726,47.55041],[7.622732,47.550396],[7.622738,47.550381],[7.622745,47.550367],[7.62275,47.550352],[7.622756,47.550338],[7.622762,47.550323],[7.622768,47.550309],[7.622774,47.550294],[7.622779,47.55028],[7.622785,47.550265],[7.622791,47.55025],[7.622797,47.550235],[7.622803,47.55022],[7.622808,47.550204],[7.622814,47.550189],[7.622819,47.550174],[7.622825,47.550159],[7.62283,47.550144],[7.622835,47.550129],[7.62284,47.550114],[7.622845,47.550099],[7.62285,47.550083],[7.622855,47.550068],[7.62286,47.550053],[7.622864,47.550038],[7.622869,47.550022],[7.622873,47.550007],[7.622878,47.549992],[7.622882,47.549977],[7.622886,47.549961],[7.62289,47.549946],[7.622894,47.549931],[7.622898,47.549915],[7.622901,47.5499],[7.622905,47.549885],[7.622909,47.549869],[7.622912,47.549854],[7.622915,47.549838],[7.622919,47.549823],[7.622922,47.549808],[7.622925,47.549792],[7.622928,47.549777],[7.622931,47.549761],[7.622933,47.549746],[7.622936,47.54973],[7.622939,47.549715],[7.622941,47.5497],[7.622943,47.549684],[7.622946,47.549669],[7.622948,47.549653],[7.62295,47.549638],[7.622952,47.549622],[7.622954,47.549607],[7.622955,47.549591],[7.622957,47.549576],[7.622959,47.54956],[7.62296,47.549545],[7.622961,47.549529],[7.622963,47.549514],[7.622964,47.549498],[7.622965,47.549482],[7.622966,47.549467],[7.622967,47.549451],[7.622967,47.549436],[7.622968,47.54942],[7.622969,47.549405],[7.622969,47.549389],[7.62297,47.549374],[7.62297,47.549358],[7.62297,47.549343],[7.62297,47.549327],[7.62297,47.549311],[7.62297,47.549296],[7.62285,47.547481],[7.622778,47.546408],[7.622688,47.545116],[7.622629,47.544286],[7.622518,47.542722]]],"type":"Polygon"},"properties":{"geo_point_2d":{"lon":7.616388499672984,"lat":47.55158796389075},"wov_id":"04","wov_label":"4","wov_name":"Breite","gemeinde_name":"Basel"}},{"type":"Feature","geometry":{"coordinates":[[[7.605688,47.530558],[7.605582,47.530424],[7.605563,47.530494],[7.605544,47.530608],[7.605531,47.530677],[7.605519,47.530745],[7.605506,47.530814],[7.605493,47.530882],[7.60548,47.530951],[7.605466,47.531019],[7.605453,47.531088],[7.605439,47.531156],[7.605352,47.531586],[7.605341,47.531637],[7.605304,47.531821],[7.6052,47.532333],[7.605171,47.532475],[7.605135,47.532654],[7.605058,47.533031],[7.604956,47.533536],[7.604864,47.53417],[7.604864,47.534171],[7.604659,47.535098],[7.604606,47.535668],[7.604483,47.536311],[7.604449,47.53648],[7.604388,47.53663],[7.604195,47.537111],[7.60418,47.537157],[7.604103,47.537326],[7.604054,47.537434],[7.603809,47.537969],[7.603397,47.53887],[7.603256,47.539177],[7.602702,47.540387],[7.602689,47.540416],[7.602541,47.540741],[7.602194,47.541498],[7.601996,47.54193],[7.601822,47.542023],[7.601195,47.54234],[7.601081,47.542399],[7.600892,47.542497],[7.600464,47.542714],[7.600366,47.542761],[7.600082,47.542896],[7.599665,47.543108],[7.599535,47.543174],[7.599532,47.543176],[7.599375,47.543246],[7.598977,47.543425],[7.59898,47.543431],[7.598985,47.543441],[7.598989,47.543451],[7.598994,47.543461],[7.598998,47.543471],[7.599002,47.543481],[7.599006,47.543491],[7.59901,47.543502],[7.599013,47.543512],[7.599017,47.543522],[7.59902,47.543533],[7.599023,47.543543],[7.599025,47.543552],[7.599028,47.543561],[7.59903,47.543571],[7.599032,47.54358],[7.599034,47.54359],[7.599036,47.543599],[7.599038,47.543608],[7.599039,47.543618],[7.599041,47.543627],[7.599042,47.543637],[7.599043,47.543646],[7.599044,47.543656],[7.599045,47.543665],[7.599045,47.543675],[7.599046,47.543684],[7.599046,47.543694],[7.599151,47.544303],[7.599164,47.544375],[7.599164,47.544379],[7.598836,47.544485],[7.598032,47.544745],[7.597951,47.544771],[7.597869,47.544798],[7.597787,47.544824],[7.597706,47.544851],[7.597624,47.544877],[7.597542,47.544903],[7.59746,47.544929],[7.597378,47.544955],[7.597338,47.544898],[7.597321,47.544904],[7.597304,47.54491],[7.597287,47.544916],[7.597269,47.544922],[7.597252,47.544927],[7.597235,47.544933],[7.597217,47.544939],[7.5972,47.544944],[7.597183,47.54495],[7.597165,47.544955],[7.597148,47.54496],[7.59713,47.544966],[7.597113,47.544971],[7.597095,47.544976],[7.597077,47.544981],[7.59706,47.544987],[7.597042,47.544992],[7.597024,47.544997],[7.597007,47.545002],[7.596989,47.545007],[7.596971,47.545012],[7.596953,47.545016],[7.596935,47.545021],[7.596918,47.545026],[7.5969,47.545031],[7.596882,47.545035],[7.596864,47.54504],[7.596846,47.545044],[7.596828,47.545049],[7.59681,47.545053],[7.596792,47.545058],[7.596774,47.545062],[7.59598,47.545252],[7.594964,47.545494],[7.594947,47.545498],[7.594931,47.545502],[7.594914,47.545506],[7.594897,47.545511],[7.594881,47.545515],[7.594864,47.54552],[7.594847,47.545524],[7.594831,47.545529],[7.594814,47.545534],[7.594798,47.545538],[7.594782,47.545543],[7.594765,47.545548],[7.594749,47.545553],[7.594733,47.545559],[7.594717,47.545564],[7.594701,47.545569],[7.594659,47.545583],[7.594617,47.545597],[7.594575,47.545612],[7.594533,47.545626],[7.594516,47.545632],[7.594499,47.545638],[7.594482,47.545644],[7.594465,47.54565],[7.594448,47.545656],[7.594431,47.545663],[7.594414,47.545669],[7.594398,47.545676],[7.594381,47.545682],[7.594365,47.545689],[7.594348,47.545696],[7.594332,47.545703],[7.594316,47.54571],[7.5943,47.545717],[7.594284,47.545724],[7.594268,47.545731],[7.594246,47.545741],[7.594224,47.545751],[7.594203,47.54576],[7.594181,47.54577],[7.594159,47.54578],[7.594137,47.54579],[7.594115,47.545799],[7.594093,47.545809],[7.59407,47.545819],[7.594046,47.545829],[7.594023,47.545839],[7.594,47.54585],[7.593977,47.54586],[7.593954,47.54587],[7.593931,47.545881],[7.593908,47.545892],[7.593885,47.545902],[7.593862,47.545913],[7.59384,47.545924],[7.593817,47.545935],[7.593794,47.545946],[7.593772,47.545957],[7.593749,47.545968],[7.593727,47.545979],[7.593698,47.545993],[7.593668,47.546008],[7.593639,47.546023],[7.59361,47.546038],[7.593581,47.546053],[7.593552,47.546068],[7.593523,47.546084],[7.593494,47.546099],[7.593356,47.546173],[7.593428,47.546257],[7.593343,47.54629],[7.593365,47.546317],[7.593813,47.546796],[7.59395,47.546946],[7.593934,47.546954],[7.593919,47.546962],[7.593904,47.54697],[7.593889,47.546978],[7.593874,47.546986],[7.593859,47.546994],[7.593844,47.547003],[7.593829,47.547011],[7.593815,47.547019],[7.5938,47.547028],[7.593785,47.547036],[7.593771,47.547045],[7.593756,47.547053],[7.593742,47.547062],[7.593728,47.547071],[7.593713,47.547079],[7.593042,47.547613],[7.593016,47.547633],[7.593009,47.547639],[7.593001,47.547644],[7.592994,47.54765],[7.592986,47.547656],[7.592979,47.547662],[7.592972,47.547668],[7.592965,47.547673],[7.592958,47.547679],[7.592951,47.547685],[7.592944,47.547691],[7.592937,47.547698],[7.59293,47.547704],[7.592923,47.54771],[7.592917,47.547716],[7.59291,47.547722],[7.592904,47.547728],[7.592897,47.547735],[7.592891,47.547741],[7.592885,47.547747],[7.592878,47.547754],[7.592872,47.54776],[7.592866,47.547767],[7.59286,47.547773],[7.592854,47.54778],[7.592848,47.547786],[7.592843,47.547793],[7.592837,47.547799],[7.592831,47.547806],[7.592826,47.547813],[7.59282,47.547819],[7.592815,47.547826],[7.59281,47.547833],[7.592796,47.54782],[7.592783,47.547807],[7.59277,47.547794],[7.592757,47.547781],[7.592744,47.547767],[7.592732,47.547754],[7.592719,47.547741],[7.592707,47.547727],[7.592695,47.547714],[7.592683,47.5477],[7.592672,47.547686],[7.59266,47.547672],[7.592649,47.547659],[7.592638,47.547645],[7.592627,47.547631],[7.592616,47.547616],[7.592102,47.547005],[7.592098,47.547004],[7.592094,47.547002],[7.592091,47.547],[7.592087,47.546999],[7.592083,47.546997],[7.592079,47.546996],[7.592076,47.546994],[7.592072,47.546993],[7.592068,47.546991],[7.592064,47.54699],[7.59206,47.546989],[7.592056,47.546988],[7.592051,47.546987],[7.592047,47.546986],[7.592043,47.546985],[7.592039,47.546984],[7.592035,47.546983],[7.59203,47.546982],[7.592026,47.546982],[7.592022,47.546981],[7.592017,47.546981],[7.592013,47.54698],[7.592009,47.54698],[7.592004,47.546979],[7.592,47.546979],[7.591995,47.546979],[7.591991,47.546979],[7.591987,47.546979],[7.591982,47.546979],[7.591978,47.546979],[7.591973,47.546979],[7.591969,47.546979],[7.591963,47.546979],[7.591957,47.54698],[7.591951,47.546981],[7.591944,47.546981],[7.591938,47.546982],[7.591932,47.546983],[7.591926,47.546984],[7.591921,47.546986],[7.591915,47.546987],[7.591909,47.546989],[7.591903,47.54699],[7.591898,47.546992],[7.591892,47.546994],[7.591887,47.546996],[7.591881,47.546998],[7.591876,47.547],[7.591345,47.547206],[7.590565,47.547509],[7.590363,47.547587],[7.589856,47.547783],[7.589028,47.548104],[7.587937,47.548528],[7.587665,47.548634],[7.587605,47.548657],[7.587435,47.548723],[7.587426,47.548726],[7.587417,47.548729],[7.587408,47.548733],[7.5874,47.548736],[7.587391,47.548739],[7.587382,47.548742],[7.587373,47.548744],[7.587364,47.548747],[7.587355,47.54875],[7.587346,47.548753],[7.587337,47.548755],[7.587327,47.548758],[7.587318,47.548761],[7.587309,47.548763],[7.5873,47.548766],[7.58729,47.548768],[7.587298,47.548767],[7.587305,47.548766],[7.587312,47.548765],[7.587319,47.548764],[7.587326,47.548763],[7.587333,47.548762],[7.587341,47.548761],[7.587348,47.548761],[7.587355,47.54876],[7.587362,47.548759],[7.587369,47.548759],[7.587377,47.548758],[7.587384,47.548758],[7.587391,47.548757],[7.587398,47.548757],[7.587406,47.548757],[7.587413,47.548757],[7.58742,47.548756],[7.587428,47.548756],[7.587435,47.548756],[7.587442,47.548756],[7.587449,47.548756],[7.587457,47.548756],[7.587464,47.548756],[7.587471,47.548757],[7.587479,47.548757],[7.587486,47.548757],[7.587493,47.548758],[7.5875,47.548758],[7.587508,47.548759],[7.587515,47.548759],[7.587522,47.54876],[7.587529,47.54876],[7.587537,47.548761],[7.587544,47.548762],[7.587551,47.548763],[7.587558,47.548763],[7.587565,47.548764],[7.587572,47.548765],[7.58758,47.548766],[7.587587,47.548767],[7.587594,47.548769],[7.587601,47.54877],[7.587608,47.548771],[7.587615,47.548772],[7.587622,47.548774],[7.587629,47.548775],[7.587636,47.548776],[7.587643,47.548778],[7.58765,47.548779],[7.587657,47.548781],[7.587663,47.548783],[7.58767,47.548784],[7.587677,47.548786],[7.587684,47.548788],[7.587691,47.54879],[7.587697,47.548792],[7.587704,47.548794],[7.587711,47.548796],[7.587717,47.548798],[7.587724,47.5488],[7.58773,47.548802],[7.587737,47.548804],[7.587743,47.548807],[7.587757,47.548813],[7.58777,47.54882],[7.587783,47.548827],[7.587796,47.548834],[7.587809,47.548841],[7.587822,47.548848],[7.587835,47.548855],[7.587848,47.548863],[7.58786,47.54887],[7.587873,47.548878],[7.587885,47.548885],[7.587897,47.548893],[7.587909,47.548901],[7.587921,47.548909],[7.587933,47.548917],[7.587945,47.548925],[7.587957,47.548933],[7.587968,47.548941],[7.587979,47.548949],[7.588262,47.549155],[7.588467,47.549304],[7.588474,47.549309],[7.588481,47.549314],[7.588488,47.549319],[7.588495,47.549324],[7.588503,47.549328],[7.58851,47.549333],[7.588518,47.549338],[7.588526,47.549342],[7.588534,47.549347],[7.588542,47.549351],[7.58855,47.549355],[7.588558,47.549359],[7.588566,47.549363],[7.588575,47.549367],[7.588583,47.549371],[7.588592,47.549375],[7.5886,47.549379],[7.588609,47.549382],[7.588618,47.549386],[7.588627,47.549389],[7.588636,47.549392],[7.588645,47.549395],[7.588654,47.549399],[7.588664,47.549401],[7.588674,47.549403],[7.588684,47.549405],[7.588694,47.549407],[7.588704,47.549409],[7.588714,47.54941],[7.588724,47.549412],[7.588734,47.549413],[7.588745,47.549414],[7.588755,47.549415],[7.588765,47.549416],[7.588775,47.549417],[7.588786,47.549418],[7.588796,47.549419],[7.588806,47.549419],[7.588817,47.54942],[7.588827,47.54942],[7.588837,47.549421],[7.588848,47.549421],[7.588858,47.549421],[7.588869,47.549421],[7.588879,47.549421],[7.588889,47.549421],[7.5889,47.549421],[7.58891,47.54942],[7.588921,47.54942],[7.588931,47.549419],[7.588941,47.549419],[7.588952,47.549418],[7.588962,47.549417],[7.588972,47.549416],[7.588982,47.549415],[7.588993,47.549414],[7.589308,47.549375],[7.58932,47.549373],[7.589333,47.54937],[7.589345,47.549367],[7.589358,47.549365],[7.58937,47.549362],[7.589383,47.549359],[7.589395,47.549357],[7.589408,47.549354],[7.58942,47.549351],[7.589432,47.549348],[7.589445,47.549345],[7.589457,47.549342],[7.589469,47.549339],[7.589482,47.549336],[7.589494,47.549332],[7.589499,47.549331],[7.589503,47.54933],[7.589517,47.549327],[7.58953,47.549324],[7.589543,47.549321],[7.589556,47.549318],[7.589569,47.549315],[7.589582,47.549312],[7.589595,47.549309],[7.589607,47.549306],[7.58962,47.549302],[7.589633,47.549299],[7.589646,47.549296],[7.589659,47.549292],[7.589671,47.549289],[7.589684,47.549285],[7.589697,47.549281],[7.589709,47.549278],[7.589722,47.549274],[7.589738,47.549269],[7.589754,47.549265],[7.589769,47.54926],[7.589785,47.549255],[7.589801,47.54925],[7.589817,47.549245],[7.589832,47.54924],[7.589848,47.549235],[7.589863,47.54923],[7.589878,47.549225],[7.589894,47.549219],[7.589909,47.549214],[7.589924,47.549208],[7.589939,47.549202],[7.589954,47.549197],[7.589969,47.549191],[7.590077,47.549147],[7.591187,47.548679],[7.591241,47.548717],[7.591369,47.548808],[7.591915,47.549193],[7.592003,47.549254],[7.592446,47.549559],[7.592539,47.549624],[7.593075,47.549987],[7.593214,47.550082],[7.594119,47.550696],[7.594146,47.550714],[7.594173,47.550733],[7.594201,47.550751],[7.594229,47.550769],[7.594256,47.550787],[7.594284,47.550805],[7.594312,47.550823],[7.594341,47.550841],[7.594369,47.550858],[7.594397,47.550876],[7.594426,47.550893],[7.594455,47.55091],[7.594484,47.550927],[7.594513,47.550945],[7.594542,47.550961],[7.594572,47.550978],[7.594579,47.550983],[7.595068,47.551273],[7.595182,47.551295],[7.595323,47.551321],[7.595452,47.551346],[7.596318,47.551511],[7.596562,47.551558],[7.597241,47.551705],[7.598047,47.551857],[7.598185,47.551883],[7.599302,47.552093],[7.599864,47.552199],[7.601029,47.552409],[7.60121,47.552455],[7.602601,47.552716],[7.602615,47.552718],[7.60263,47.552719],[7.602644,47.552721],[7.602659,47.552723],[7.602673,47.552725],[7.602688,47.552726],[7.602703,47.552728],[7.602717,47.552729],[7.602732,47.552731],[7.602747,47.552732],[7.602761,47.552733],[7.602776,47.552735],[7.602791,47.552736],[7.602806,47.552737],[7.60282,47.552738],[7.602835,47.552739],[7.60285,47.55274],[7.602864,47.552741],[7.602879,47.552741],[7.602894,47.552742],[7.602909,47.552742],[7.602923,47.552743],[7.602938,47.552743],[7.602953,47.552744],[7.602967,47.552744],[7.602982,47.552744],[7.602997,47.552745],[7.603012,47.552745],[7.603026,47.552745],[7.603041,47.552745],[7.603056,47.552745],[7.603071,47.552744],[7.603088,47.552744],[7.603106,47.552744],[7.603124,47.552743],[7.603142,47.552742],[7.603159,47.552742],[7.603177,47.552741],[7.603195,47.55274],[7.603212,47.552739],[7.60323,47.552738],[7.603248,47.552737],[7.603265,47.552735],[7.603283,47.552734],[7.6033,47.552733],[7.603318,47.552731],[7.603336,47.552729],[7.603353,47.552727],[7.603717,47.553689],[7.603782,47.553681],[7.603791,47.55368],[7.603848,47.553674],[7.603913,47.553666],[7.603972,47.553659],[7.603979,47.553659],[7.604045,47.553654],[7.604071,47.553652],[7.604142,47.55371],[7.604171,47.553735],[7.604189,47.55375],[7.604237,47.553748],[7.604334,47.553745],[7.605322,47.553712],[7.605333,47.553711],[7.605431,47.553693],[7.606125,47.553671],[7.606152,47.55367],[7.60618,47.553669],[7.606207,47.553669],[7.606235,47.553668],[7.606262,47.553668],[7.60629,47.553668],[7.606317,47.553668],[7.606345,47.553668],[7.606372,47.553668],[7.6064,47.553668],[7.606427,47.553669],[7.606455,47.553669],[7.606482,47.55367],[7.60651,47.553671],[7.606537,47.553672],[7.606565,47.553673],[7.606592,47.553674],[7.60662,47.553676],[7.606647,47.553677],[7.606675,47.553679],[7.606702,47.553681],[7.60673,47.553682],[7.606757,47.553684],[7.606784,47.553687],[7.606812,47.553689],[7.606839,47.553691],[7.606866,47.553694],[7.606894,47.553696],[7.606921,47.553699],[7.606948,47.553702],[7.606975,47.553705],[7.607002,47.553708],[7.60702,47.55371],[7.607037,47.553712],[7.607054,47.553715],[7.607072,47.553717],[7.607089,47.553719],[7.607106,47.553721],[7.607124,47.553724],[7.607141,47.553726],[7.607156,47.553728],[7.607172,47.55373],[7.607187,47.553733],[7.607203,47.553735],[7.607218,47.553737],[7.607233,47.55374],[7.607249,47.553742],[7.607264,47.553745],[7.607279,47.553748],[7.607295,47.55375],[7.60731,47.553753],[7.607325,47.553756],[7.607341,47.553758],[7.607356,47.553761],[7.607371,47.553764],[7.607386,47.553767],[7.608537,47.55398],[7.608636,47.553998],[7.609285,47.554122],[7.609409,47.554145],[7.609424,47.554103],[7.60952,47.553979],[7.609642,47.553821],[7.609683,47.553818],[7.609749,47.553813],[7.609815,47.553808],[7.609815,47.553808],[7.609881,47.553804],[7.609947,47.5538],[7.610013,47.553796],[7.610079,47.553791],[7.610145,47.553787],[7.610211,47.553783],[7.610278,47.553779],[7.610344,47.553775],[7.610356,47.553774],[7.61041,47.55377],[7.610476,47.553766],[7.610542,47.553761],[7.610608,47.553757],[7.610674,47.553752],[7.610714,47.55375],[7.61074,47.553749],[7.610807,47.553747],[7.610873,47.553744],[7.610939,47.553742],[7.611006,47.55374],[7.611072,47.553738],[7.611139,47.553735],[7.611205,47.553733],[7.611271,47.553731],[7.611305,47.55373],[7.611338,47.55373],[7.611404,47.553731],[7.61147,47.553732],[7.611537,47.553733],[7.611603,47.553734],[7.61167,47.553735],[7.611736,47.553735],[7.611803,47.553736],[7.611869,47.553737],[7.611935,47.553738],[7.611945,47.553738],[7.612002,47.553739],[7.612068,47.553741],[7.612135,47.553742],[7.612201,47.553743],[7.612267,47.553745],[7.612334,47.553746],[7.6124,47.553747],[7.612402,47.553747],[7.612466,47.553751],[7.612533,47.553754],[7.612599,47.553758],[7.612665,47.553761],[7.612731,47.553765],[7.612798,47.553768],[7.612864,47.553772],[7.612915,47.553775],[7.61293,47.553776],[7.612996,47.553782],[7.613062,47.553788],[7.613127,47.553794],[7.613193,47.5538],[7.613259,47.553806],[7.613325,47.553812],[7.613391,47.553818],[7.613436,47.553822],[7.613457,47.553823],[7.613523,47.553829],[7.613589,47.553834],[7.613655,47.553839],[7.613675,47.55384],[7.613719,47.553832],[7.613783,47.55382],[7.613847,47.553808],[7.613878,47.553802],[7.613906,47.553788],[7.613958,47.553761],[7.614011,47.553733],[7.614026,47.553726],[7.614056,47.553701],[7.614098,47.553666],[7.61414,47.553631],[7.61418,47.553597],[7.614181,47.553596],[7.614212,47.553556],[7.614243,47.553516],[7.614274,47.553476],[7.614306,47.553437],[7.614337,47.553397],[7.614355,47.553373],[7.614366,47.553357],[7.614393,47.553316],[7.61442,47.553274],[7.614447,47.553233],[7.614474,47.553192],[7.614501,47.553151],[7.614528,47.55311],[7.614537,47.553097],[7.61455,47.553068],[7.614568,47.553025],[7.614587,47.552981],[7.614606,47.552938],[7.614625,47.552895],[7.614644,47.552852],[7.614662,47.552809],[7.614681,47.552766],[7.61469,47.552744],[7.614709,47.552725],[7.614745,47.552688],[7.614782,47.55265],[7.614818,47.552612],[7.614852,47.552577],[7.614855,47.552575],[7.614907,47.552547],[7.614958,47.552519],[7.61501,47.55249],[7.615061,47.552462],[7.615112,47.552433],[7.615153,47.55241],[7.615163,47.552404],[7.615213,47.552374],[7.615263,47.552345],[7.615312,47.552315],[7.615343,47.552296],[7.615355,47.552281],[7.615388,47.552242],[7.61542,47.552203],[7.615452,47.552163],[7.615469,47.552143],[7.615482,47.552123],[7.615508,47.552082],[7.615535,47.552041],[7.615561,47.551999],[7.615588,47.551958],[7.615609,47.551924],[7.615616,47.551918],[7.615654,47.551881],[7.615692,47.551844],[7.61573,47.551807],[7.615768,47.55177],[7.615806,47.551734],[7.615806,47.551733],[7.61585,47.551699],[7.615893,47.551665],[7.615937,47.551632],[7.615981,47.551598],[7.616024,47.551564],[7.616057,47.551538],[7.616069,47.55153],[7.616115,47.551498],[7.616131,47.551487],[7.616161,47.551466],[7.616208,47.551434],[7.616254,47.551401],[7.6163,47.551369],[7.616347,47.551337],[7.616352,47.551333],[7.616391,47.551303],[7.616435,47.55127],[7.616479,47.551236],[7.616524,47.551203],[7.616534,47.551195],[7.616579,47.551178],[7.616637,47.551157],[7.616695,47.551135],[7.616754,47.551114],[7.616812,47.551093],[7.61687,47.551071],[7.616885,47.551066],[7.616931,47.551052],[7.616992,47.551035],[7.617053,47.551017],[7.617114,47.550999],[7.617175,47.550982],[7.617236,47.550964],[7.617297,47.550946],[7.617358,47.550928],[7.617363,47.550927],[7.617417,47.550907],[7.617475,47.550886],[7.617534,47.550865],[7.617592,47.550843],[7.617651,47.550822],[7.617709,47.550801],[7.617768,47.550779],[7.617826,47.550758],[7.617847,47.55075],[7.617884,47.550736],[7.617941,47.550713],[7.617999,47.550691],[7.618056,47.550668],[7.618114,47.550646],[7.618171,47.550623],[7.618213,47.550607],[7.61823,47.550602],[7.618291,47.550585],[7.618353,47.550568],[7.618414,47.550551],[7.618476,47.550534],[7.618521,47.550521],[7.618538,47.550519],[7.618604,47.550512],[7.618669,47.550504],[7.618735,47.550497],[7.6188,47.550489],[7.618824,47.550487],[7.618866,47.550484],[7.618932,47.550479],[7.618998,47.550474],[7.619064,47.55047],[7.61913,47.550465],[7.619196,47.55046],[7.619262,47.550455],[7.619295,47.550453],[7.619328,47.55045],[7.619394,47.550445],[7.61946,47.550439],[7.619526,47.550434],[7.61959,47.550422],[7.619655,47.550411],[7.619719,47.5504],[7.619772,47.55039],[7.619783,47.550388],[7.619845,47.550372],[7.619907,47.550356],[7.619969,47.55034],[7.619997,47.550333],[7.620027,47.550319],[7.620082,47.550293],[7.620137,47.550268],[7.620192,47.550243],[7.620194,47.550242],[7.620239,47.550211],[7.620286,47.550179],[7.620333,47.550148],[7.620348,47.550137],[7.620371,47.550111],[7.620405,47.550072],[7.620438,47.550034],[7.620439,47.550032],[7.620451,47.549989],[7.620464,47.549945],[7.620474,47.549908],[7.620472,47.549901],[7.620458,47.549857],[7.620444,47.549813],[7.62043,47.549769],[7.620424,47.549751],[7.620409,47.549727],[7.620384,47.549685],[7.620358,47.549644],[7.620333,47.549602],[7.620311,47.549566],[7.620305,47.549561],[7.620264,47.549526],[7.620222,47.549491],[7.62018,47.549456],[7.620139,47.549421],[7.620097,47.549386],[7.620055,47.549351],[7.620014,47.549316],[7.619972,47.549281],[7.619938,47.549252],[7.61993,47.549246],[7.619889,47.549211],[7.619849,47.549175],[7.619808,47.54914],[7.619768,47.549105],[7.619767,47.549104],[7.61975,47.549061],[7.619732,47.549017],[7.619715,47.548974],[7.619712,47.548967],[7.619716,47.54893],[7.619721,47.548885],[7.619726,47.54884],[7.61973,47.548795],[7.619732,47.548782],[7.619736,47.54875],[7.619742,47.548705],[7.619748,47.548661],[7.619754,47.548616],[7.61976,47.548571],[7.619766,47.548526],[7.619766,47.548525],[7.619744,47.548484],[7.619722,47.548441],[7.6197,47.548399],[7.619688,47.548377],[7.619676,47.548357],[7.619651,47.548315],[7.619626,47.548274],[7.619601,47.548232],[7.619576,47.54819],[7.619554,47.548154],[7.61955,47.548149],[7.619523,47.548108],[7.619495,47.548067],[7.619468,47.548026],[7.61944,47.547985],[7.619412,47.547944],[7.619385,47.547903],[7.619357,47.547863],[7.61933,47.547822],[7.619307,47.547788],[7.619304,47.54778],[7.61929,47.547736],[7.619275,47.547692],[7.619261,47.547649],[7.619247,47.547605],[7.619232,47.547561],[7.619218,47.547517],[7.619214,47.547507],[7.619217,47.547472],[7.61922,47.547427],[7.619223,47.547382],[7.619226,47.547337],[7.619229,47.547293],[7.619233,47.547248],[7.619236,47.547203],[7.619239,47.547158],[7.619241,47.547121],[7.619243,47.547113],[7.619254,47.547069],[7.619264,47.547024],[7.619275,47.54698],[7.619285,47.546935],[7.619296,47.546891],[7.619306,47.546847],[7.619317,47.546802],[7.619327,47.546758],[7.619338,47.546713],[7.619348,47.546669],[7.619359,47.546624],[7.619369,47.54658],[7.619373,47.546564],[7.61938,47.546536],[7.61939,47.546491],[7.619401,47.546447],[7.619411,47.546402],[7.619421,47.546358],[7.619432,47.546314],[7.619435,47.546298],[7.619441,47.546269],[7.61945,47.546225],[7.619459,47.54618],[7.619467,47.546135],[7.619476,47.546091],[7.619485,47.546046],[7.619494,47.546002],[7.619502,47.545957],[7.619511,47.545912],[7.619518,47.545879],[7.61952,47.545868],[7.619531,47.545824],[7.619542,47.545779],[7.619553,47.545735],[7.619564,47.54569],[7.619575,47.545646],[7.619586,47.545602],[7.619596,47.545557],[7.619607,47.545513],[7.619609,47.545508],[7.619618,47.545469],[7.619629,47.545424],[7.61964,47.54538],[7.619651,47.545336],[7.619662,47.545291],[7.619673,47.545247],[7.619684,47.545203],[7.619695,47.545158],[7.619705,47.545114],[7.619716,47.545069],[7.619727,47.545025],[7.619738,47.544981],[7.61974,47.544974],[7.619748,47.544936],[7.619757,47.544892],[7.619763,47.544864],[7.619577,47.544859],[7.619215,47.54485],[7.618948,47.544843],[7.618926,47.544982],[7.618909,47.545085],[7.618814,47.545079],[7.618595,47.545065],[7.617977,47.545053],[7.617223,47.545038],[7.617176,47.545037],[7.617174,47.545093],[7.617024,47.545092],[7.616706,47.545091],[7.616591,47.54509],[7.616588,47.544879],[7.61658,47.54431],[7.620732,47.5429],[7.620796,47.542878],[7.62086,47.542856],[7.620924,47.542835],[7.620989,47.542813],[7.621054,47.542792],[7.621118,47.542771],[7.621183,47.54275],[7.621248,47.542729],[7.621313,47.542709],[7.621378,47.542688],[7.621443,47.542668],[7.621509,47.542647],[7.621539,47.542638],[7.621569,47.542628],[7.621599,47.542618],[7.621629,47.542609],[7.621659,47.542599],[7.621689,47.54259],[7.62172,47.542581],[7.62175,47.542571],[7.62178,47.542562],[7.621811,47.542553],[7.621841,47.542544],[7.621872,47.542535],[7.621902,47.542527],[7.621933,47.542518],[7.621964,47.542509],[7.621994,47.542501],[7.622025,47.542492],[7.622056,47.542484],[7.622087,47.542476],[7.622118,47.542467],[7.622149,47.542459],[7.62218,47.542451],[7.622211,47.542443],[7.622242,47.542435],[7.622274,47.542428],[7.622305,47.54242],[7.622336,47.542412],[7.622367,47.542405],[7.622399,47.542397],[7.62243,47.54239],[7.622462,47.542383],[7.622493,47.542376],[7.622477,47.542139],[7.622338,47.540159],[7.622326,47.539992],[7.622317,47.539872],[7.622311,47.539778],[7.622158,47.539808],[7.621486,47.539943],[7.619884,47.540264],[7.619773,47.540286],[7.619747,47.540291],[7.619721,47.540296],[7.619695,47.540302],[7.61967,47.540307],[7.619644,47.540313],[7.619618,47.540319],[7.619593,47.540324],[7.619567,47.54033],[7.619542,47.540336],[7.619517,47.540342],[7.619491,47.540348],[7.619466,47.540355],[7.619441,47.540361],[7.619415,47.540367],[7.61939,47.540374],[7.619365,47.54038],[7.61934,47.540387],[7.619315,47.540394],[7.61929,47.540401],[7.619265,47.540408],[7.61924,47.540415],[7.619216,47.540422],[7.619191,47.540429],[7.619166,47.540436],[7.619141,47.540444],[7.619117,47.540451],[7.619092,47.540459],[7.619068,47.540467],[7.619044,47.540474],[7.619019,47.540482],[7.618995,47.54049],[7.618971,47.540498],[7.618947,47.540506],[7.618924,47.540514],[7.6189,47.540522],[7.618877,47.54053],[7.618853,47.540539],[7.61883,47.540547],[7.618807,47.540556],[7.618783,47.540564],[7.61876,47.540573],[7.618737,47.540581],[7.618714,47.54059],[7.618691,47.540599],[7.618668,47.540608],[7.618646,47.540617],[7.618623,47.540626],[7.6186,47.540635],[7.618578,47.540645],[7.618555,47.540654],[7.618533,47.540663],[7.61851,47.540673],[7.618488,47.540682],[7.618466,47.540692],[7.618443,47.540702],[7.618421,47.540712],[7.618399,47.540722],[7.618378,47.540731],[7.618356,47.540742],[7.618334,47.540752],[7.618312,47.540762],[7.618291,47.540772],[7.618269,47.540783],[7.618248,47.540793],[7.618243,47.540795],[7.618239,47.540797],[7.618234,47.540798],[7.61823,47.5408],[7.618225,47.540801],[7.61822,47.540803],[7.618215,47.540804],[7.61821,47.540805],[7.618205,47.540805],[7.6182,47.540806],[7.618195,47.540806],[7.61819,47.540807],[7.618184,47.540807],[7.618179,47.540806],[7.618174,47.540806],[7.618169,47.540806],[7.618164,47.540805],[7.618159,47.540804],[7.618154,47.540803],[7.618149,47.540802],[7.618144,47.540801],[7.618139,47.540799],[7.618135,47.540798],[7.61813,47.540796],[7.618126,47.540794],[7.618121,47.540792],[7.618117,47.54079],[7.618114,47.540788],[7.61811,47.540785],[7.618106,47.540783],[7.618103,47.54078],[7.6181,47.540777],[7.61809,47.540769],[7.618081,47.54076],[7.618072,47.540751],[7.618062,47.540743],[7.618052,47.540735],[7.618043,47.540726],[7.618033,47.540718],[7.618023,47.540709],[7.618014,47.540701],[7.618004,47.540693],[7.617994,47.540684],[7.617984,47.540676],[7.617974,47.540668],[7.617964,47.54066],[7.617954,47.540652],[7.617944,47.540644],[7.617933,47.540635],[7.617923,47.540627],[7.617913,47.540619],[7.617902,47.540611],[7.617892,47.540603],[7.617881,47.540595],[7.617871,47.540588],[7.61786,47.54058],[7.61785,47.540572],[7.617839,47.540564],[7.617828,47.540556],[7.617817,47.540549],[7.617807,47.540541],[7.617796,47.540533],[7.617785,47.540526],[7.617774,47.540518],[7.617763,47.54051],[7.617751,47.540503],[7.61774,47.540495],[7.617729,47.540488],[7.617718,47.540481],[7.617706,47.540473],[7.617695,47.540466],[7.617684,47.540459],[7.617672,47.540451],[7.617661,47.540444],[7.617649,47.540437],[7.617637,47.54043],[7.617626,47.540423],[7.617614,47.540415],[7.617602,47.540408],[7.61759,47.540401],[7.617579,47.540394],[7.617567,47.540387],[7.617555,47.540381],[7.617543,47.540374],[7.617531,47.540367],[7.617518,47.54036],[7.617506,47.540353],[7.617494,47.540347],[7.617482,47.54034],[7.61747,47.540333],[7.617457,47.540327],[7.617445,47.54032],[7.617433,47.540313],[7.61742,47.540307],[7.617408,47.540301],[7.617395,47.540294],[7.617382,47.540288],[7.61737,47.540281],[7.617357,47.540275],[7.617344,47.540269],[7.617332,47.540263],[7.617319,47.540256],[7.617306,47.54025],[7.617293,47.540244],[7.61728,47.540238],[7.617267,47.540232],[7.617254,47.540226],[7.617241,47.54022],[7.617228,47.540214],[7.617215,47.540208],[7.617202,47.540203],[7.617189,47.540197],[7.617175,47.540191],[7.617162,47.540185],[7.617149,47.54018],[7.617135,47.540174],[7.617122,47.540169],[7.617109,47.540163],[7.617095,47.540158],[7.617082,47.540152],[7.617068,47.540147],[7.617054,47.540141],[7.617041,47.540136],[7.617027,47.540131],[7.617013,47.540126],[7.617,47.54012],[7.616986,47.540115],[7.616972,47.54011],[7.616958,47.540105],[7.616944,47.5401],[7.616931,47.540095],[7.616917,47.54009],[7.616903,47.540085],[7.616889,47.54008],[7.616875,47.540076],[7.616861,47.540071],[7.616846,47.540066],[7.616832,47.540061],[7.616818,47.540057],[7.616804,47.540052],[7.61679,47.540048],[7.616775,47.540043],[7.616761,47.540039],[7.616747,47.540034],[7.616733,47.54003],[7.616718,47.540026],[7.616704,47.540021],[7.616689,47.540017],[7.616675,47.540013],[7.61666,47.540009],[7.616646,47.540005],[7.616631,47.540001],[7.616617,47.539997],[7.616602,47.539993],[7.616587,47.539989],[7.616573,47.539985],[7.616558,47.539981],[7.616543,47.539977],[7.616529,47.539974],[7.616514,47.53997],[7.616328,47.539924],[7.616001,47.539843],[7.615907,47.539819],[7.614693,47.539519],[7.61467,47.539556],[7.614289,47.53945],[7.614272,47.539446],[7.614255,47.539441],[7.614238,47.539436],[7.614222,47.539431],[7.614205,47.539426],[7.614188,47.53942],[7.614172,47.539415],[7.614155,47.539409],[7.614139,47.539404],[7.614122,47.539398],[7.614106,47.539393],[7.61409,47.539387],[7.614074,47.539381],[7.614057,47.539375],[7.614041,47.539369],[7.614026,47.539362],[7.61401,47.539356],[7.613994,47.53935],[7.613978,47.539343],[7.613963,47.539337],[7.613947,47.53933],[7.613932,47.539323],[7.613916,47.539317],[7.613901,47.53931],[7.613886,47.539303],[7.613871,47.539295],[7.613856,47.539288],[7.613841,47.539281],[7.613826,47.539274],[7.613811,47.539266],[7.613797,47.539259],[7.613782,47.539251],[7.613768,47.539243],[7.613754,47.539236],[7.613739,47.539228],[7.613725,47.53922],[7.613711,47.539212],[7.613697,47.539204],[7.613683,47.539195],[7.61367,47.539187],[7.613656,47.539179],[7.613643,47.53917],[7.613629,47.539162],[7.613616,47.539153],[7.613603,47.539144],[7.61359,47.539136],[7.613577,47.539127],[7.613564,47.539118],[7.613551,47.539109],[7.613539,47.5391],[7.613526,47.539091],[7.613514,47.539082],[7.613501,47.539072],[7.613489,47.539063],[7.613477,47.539054],[7.613465,47.539044],[7.613453,47.539035],[7.613442,47.539025],[7.61343,47.539015],[7.613419,47.539006],[7.613408,47.538996],[7.613396,47.538986],[7.613385,47.538976],[7.613374,47.538966],[7.613364,47.538956],[7.613353,47.538946],[7.613342,47.538936],[7.613332,47.538925],[7.613322,47.538915],[7.613312,47.538905],[7.613302,47.538894],[7.613292,47.538884],[7.613282,47.538873],[7.613272,47.538863],[7.613263,47.538852],[7.613254,47.538841],[7.613244,47.53883],[7.613235,47.53882],[7.613226,47.538809],[7.613218,47.538798],[7.613209,47.538787],[7.6132,47.538776],[7.613192,47.538765],[7.613184,47.538754],[7.613176,47.538743],[7.613168,47.538731],[7.61316,47.53872],[7.613152,47.538709],[7.613145,47.538697],[7.613137,47.538686],[7.61313,47.538675],[7.613123,47.538663],[7.613116,47.538652],[7.613109,47.53864],[7.613103,47.538628],[7.613096,47.538617],[7.61309,47.538605],[7.613084,47.538593],[7.613078,47.538582],[7.613072,47.53857],[7.613066,47.538558],[7.61306,47.538546],[7.613055,47.538534],[7.61305,47.538522],[7.613044,47.53851],[7.613039,47.538498],[7.613035,47.538486],[7.61303,47.538474],[7.613025,47.538462],[7.613021,47.53845],[7.613017,47.538438],[7.613013,47.538426],[7.613009,47.538414],[7.613005,47.538402],[7.613001,47.53839],[7.612998,47.538377],[7.612994,47.538365],[7.612991,47.538353],[7.612988,47.538341],[7.612986,47.538328],[7.612983,47.538316],[7.61298,47.538304],[7.612978,47.538291],[7.612976,47.538279],[7.612974,47.538267],[7.612972,47.538254],[7.61297,47.538242],[7.612968,47.538229],[7.612861,47.53735],[7.61286,47.537339],[7.612858,47.537327],[7.612856,47.537316],[7.612854,47.537305],[7.612851,47.537294],[7.612849,47.537282],[7.612846,47.537271],[7.612843,47.53726],[7.61284,47.537249],[7.612836,47.537238],[7.612832,47.537227],[7.612829,47.537216],[7.612824,47.537205],[7.61282,47.537194],[7.612815,47.537183],[7.612811,47.537172],[7.612806,47.537161],[7.6128,47.53715],[7.612795,47.53714],[7.612789,47.537129],[7.612783,47.537118],[7.612777,47.537108],[7.612771,47.537097],[7.612764,47.537087],[7.612758,47.537076],[7.612751,47.537066],[7.612744,47.537056],[7.612736,47.537045],[7.612729,47.537035],[7.612721,47.537025],[7.612713,47.537015],[7.612705,47.537005],[7.612697,47.536995],[7.612688,47.536986],[7.61268,47.536976],[7.612671,47.536966],[7.612662,47.536957],[7.612652,47.536947],[7.612643,47.536938],[7.612633,47.536929],[7.612623,47.536919],[7.612613,47.53691],[7.612603,47.536901],[7.612593,47.536892],[7.612582,47.536884],[7.612572,47.536875],[7.612561,47.536866],[7.61255,47.536858],[7.612538,47.536849],[7.612527,47.536841],[7.612515,47.536833],[7.612504,47.536825],[7.612492,47.536817],[7.61248,47.536809],[7.612468,47.536801],[7.612455,47.536793],[7.612443,47.536786],[7.61243,47.536778],[7.612417,47.536771],[7.612404,47.536764],[7.612391,47.536757],[7.612378,47.53675],[7.612365,47.536743],[7.612351,47.536736],[7.612341,47.536731],[7.612332,47.536727],[7.612322,47.536722],[7.612312,47.536717],[7.612302,47.536713],[7.612292,47.536709],[7.612282,47.536704],[7.612272,47.5367],[7.612262,47.536696],[7.612252,47.536691],[7.612242,47.536687],[7.612232,47.536683],[7.612221,47.536679],[7.612211,47.536675],[7.612201,47.536671],[7.61219,47.536668],[7.61218,47.536664],[7.612169,47.53666],[7.612159,47.536656],[7.612148,47.536653],[7.612137,47.536649],[7.612127,47.536646],[7.612116,47.536642],[7.612105,47.536639],[7.612094,47.536636],[7.612083,47.536633],[7.612072,47.536629],[7.612061,47.536626],[7.61205,47.536623],[7.612039,47.53662],[7.612028,47.536618],[7.612017,47.536615],[7.612007,47.536612],[7.611996,47.53661],[7.611986,47.536607],[7.611975,47.536605],[7.611965,47.536602],[7.611955,47.5366],[7.611944,47.536598],[7.611933,47.536596],[7.611923,47.536594],[7.611912,47.536592],[7.611902,47.53659],[7.611891,47.536588],[7.61188,47.536586],[7.61187,47.536584],[7.611859,47.536582],[7.611848,47.53658],[7.611835,47.536502],[7.611822,47.53643],[7.61137,47.536162],[7.611035,47.535964],[7.611093,47.535897],[7.611228,47.535709],[7.611352,47.535511],[7.611386,47.53545],[7.610542,47.535231],[7.610521,47.535225],[7.610492,47.535218],[7.610369,47.535437],[7.610358,47.535456],[7.610229,47.535635],[7.610161,47.535595],[7.610154,47.535591],[7.610033,47.535519],[7.61002,47.535512],[7.60919,47.53502],[7.607351,47.532675],[7.606016,47.530976],[7.606018,47.530964],[7.60602,47.530952],[7.606022,47.530939],[7.606024,47.530927],[7.606026,47.530915],[7.606027,47.530903],[7.606029,47.530891],[7.606031,47.530879],[7.606032,47.530867],[7.606033,47.530855],[7.606035,47.530842],[7.606036,47.53083],[7.606037,47.530818],[7.606038,47.530806],[7.606039,47.530794],[7.60604,47.530782],[7.606001,47.530778],[7.60565,47.530745],[7.605688,47.530558]]],"type":"Polygon"},"properties":{"geo_point_2d":{"lon":7.60762531840865,"lat":47.54534519103759},"wov_id":"05","wov_label":"5","wov_name":"St. Alban","gemeinde_name":"Basel"}},{"type":"Feature","geometry":{"coordinates":[[[7.604054,47.537434],[7.604103,47.537326],[7.60418,47.537157],[7.604195,47.537111],[7.604388,47.53663],[7.604377,47.53664],[7.604366,47.53665],[7.604354,47.53666],[7.604343,47.536669],[7.604331,47.536679],[7.604319,47.536688],[7.604307,47.536698],[7.604294,47.536707],[7.604282,47.536716],[7.604269,47.536725],[7.604256,47.536734],[7.604243,47.536742],[7.60423,47.536751],[7.604217,47.53676],[7.604203,47.536768],[7.60419,47.536776],[7.604179,47.536783],[7.604169,47.536789],[7.604158,47.536795],[7.604148,47.536801],[7.604137,47.536807],[7.604126,47.536813],[7.604115,47.536818],[7.604104,47.536824],[7.604093,47.53683],[7.604082,47.536835],[7.604071,47.536841],[7.604059,47.536846],[7.604048,47.536852],[7.604036,47.536857],[7.604025,47.536862],[7.604013,47.536868],[7.604002,47.536873],[7.60399,47.536878],[7.603978,47.536883],[7.603966,47.536887],[7.603954,47.536892],[7.603942,47.536897],[7.60393,47.536902],[7.603918,47.536906],[7.603906,47.536911],[7.603893,47.536915],[7.603881,47.536919],[7.603869,47.536924],[7.603856,47.536928],[7.603844,47.536932],[7.603831,47.536936],[7.603818,47.53694],[7.603793,47.536948],[7.603768,47.536957],[7.603742,47.536965],[7.603717,47.536973],[7.603691,47.536981],[7.603666,47.536989],[7.60364,47.536997],[7.603614,47.537004],[7.602952,47.537206],[7.602174,47.537435],[7.602031,47.537476],[7.601219,47.537715],[7.600599,47.537897],[7.600477,47.537933],[7.599204,47.538307],[7.598579,47.53849],[7.59839,47.538545],[7.597417,47.538828],[7.597308,47.538856],[7.596525,47.539086],[7.59622,47.539175],[7.596063,47.539221],[7.595474,47.539402],[7.595283,47.539458],[7.595117,47.539506],[7.594547,47.539674],[7.593905,47.539862],[7.593782,47.539898],[7.593529,47.539973],[7.593423,47.540004],[7.592536,47.540264],[7.59177,47.540494],[7.591522,47.540569],[7.590835,47.540797],[7.590721,47.540835],[7.590553,47.540891],[7.590476,47.540916],[7.589832,47.54113],[7.589251,47.541323],[7.589161,47.541353],[7.589077,47.541381],[7.588375,47.541614],[7.588264,47.541651],[7.588248,47.541656],[7.588233,47.541661],[7.588131,47.541695],[7.587743,47.541825],[7.587311,47.541969],[7.58727,47.541906],[7.586626,47.54212],[7.584375,47.542867],[7.583474,47.543166],[7.583304,47.543223],[7.581505,47.54382],[7.58148,47.543829],[7.581479,47.543829],[7.581447,47.543825],[7.581428,47.54382],[7.581247,47.54377],[7.580971,47.543693],[7.580539,47.543793],[7.580074,47.543839],[7.579155,47.543837],[7.578635,47.543793],[7.578475,47.543733],[7.578457,47.543736],[7.578283,47.543766],[7.578296,47.54382],[7.578349,47.544047],[7.578403,47.544239],[7.578583,47.545014],[7.578587,47.545037],[7.57859,47.54506],[7.578594,47.545082],[7.578597,47.545105],[7.5786,47.545128],[7.578603,47.545151],[7.578605,47.545174],[7.578608,47.545197],[7.57861,47.54522],[7.578612,47.545243],[7.578614,47.545266],[7.578615,47.545289],[7.578617,47.545312],[7.578618,47.545335],[7.578619,47.545358],[7.57862,47.545381],[7.57862,47.545392],[7.578621,47.545404],[7.578622,47.545415],[7.578623,47.545426],[7.578623,47.545437],[7.578625,47.545449],[7.578626,47.54546],[7.578627,47.545471],[7.578628,47.545482],[7.57863,47.545494],[7.578631,47.545505],[7.578633,47.545516],[7.578635,47.545527],[7.578636,47.545539],[7.578638,47.54555],[7.57864,47.545561],[7.578642,47.545572],[7.578645,47.545583],[7.578647,47.545594],[7.578649,47.545606],[7.578652,47.545617],[7.578654,47.545628],[7.578657,47.545639],[7.57866,47.54565],[7.578663,47.545661],[7.578666,47.545672],[7.578669,47.545683],[7.578672,47.545695],[7.578675,47.545706],[7.578679,47.545717],[7.578682,47.545728],[7.578686,47.545739],[7.578689,47.545749],[7.578693,47.54576],[7.578697,47.54577],[7.578702,47.54578],[7.578706,47.545791],[7.57871,47.545801],[7.578715,47.545812],[7.57872,47.545822],[7.578725,47.545832],[7.578729,47.545842],[7.578735,47.545853],[7.57874,47.545863],[7.578745,47.545873],[7.578751,47.545883],[7.578756,47.545893],[7.578762,47.545903],[7.578768,47.545913],[7.578774,47.545922],[7.57878,47.545932],[7.578786,47.545941],[7.578793,47.54595],[7.578799,47.545959],[7.578806,47.545969],[7.578812,47.545978],[7.578819,47.545987],[7.578826,47.545996],[7.578833,47.546005],[7.57884,47.546014],[7.578847,47.546023],[7.578854,47.546032],[7.578862,47.546041],[7.578869,47.54605],[7.578877,47.546059],[7.578884,47.546068],[7.578892,47.546077],[7.5789,47.546086],[7.578908,47.546095],[7.578916,47.546103],[7.578924,47.546112],[7.578932,47.546121],[7.57894,47.546129],[7.578949,47.546138],[7.578957,47.546146],[7.578966,47.546155],[7.578974,47.546163],[7.578983,47.546171],[7.578992,47.54618],[7.579001,47.546188],[7.57901,47.546196],[7.579019,47.546204],[7.579028,47.546213],[7.579037,47.546221],[7.579047,47.546229],[7.579056,47.546237],[7.579066,47.546245],[7.579075,47.546253],[7.579085,47.54626],[7.579095,47.546268],[7.579105,47.546276],[7.579115,47.546284],[7.579125,47.546291],[7.579135,47.546299],[7.579145,47.546307],[7.579155,47.546314],[7.579166,47.546322],[7.579176,47.546329],[7.579187,47.546336],[7.579197,47.546344],[7.579208,47.546351],[7.579219,47.546358],[7.57923,47.546365],[7.579241,47.546372],[7.579252,47.546379],[7.579263,47.546386],[7.579274,47.546393],[7.579285,47.5464],[7.579296,47.546407],[7.579308,47.546414],[7.579319,47.546421],[7.579331,47.546427],[7.581087,47.547452],[7.582268,47.548143],[7.582292,47.548156],[7.582315,47.548169],[7.582339,47.548183],[7.582362,47.548197],[7.582385,47.548211],[7.582408,47.548224],[7.58243,47.548238],[7.582453,47.548253],[7.582475,47.548267],[7.582498,47.548281],[7.58252,47.548296],[7.582542,47.54831],[7.582564,47.548325],[7.582585,47.548339],[7.582607,47.548354],[7.582628,47.548369],[7.582649,47.548384],[7.58267,47.5484],[7.582691,47.548415],[7.582712,47.54843],[7.582732,47.548446],[7.582753,47.548461],[7.582773,47.548477],[7.582793,47.548493],[7.582813,47.548509],[7.582832,47.548525],[7.582852,47.548541],[7.582871,47.548557],[7.58289,47.548573],[7.582909,47.548589],[7.582922,47.5486],[7.582738,47.548695],[7.582739,47.548699],[7.58274,47.548704],[7.58274,47.548709],[7.582741,47.548713],[7.582741,47.548718],[7.582741,47.548723],[7.582722,47.548811],[7.582705,47.548813],[7.582637,47.548847],[7.582491,47.548953],[7.582425,47.548988],[7.582418,47.548992],[7.582512,47.549058],[7.582548,47.549082],[7.582594,47.549114],[7.582641,47.549146],[7.582688,47.549178],[7.582735,47.54921],[7.582782,47.549241],[7.582829,47.549273],[7.582876,47.549305],[7.582923,47.549337],[7.58297,47.549369],[7.583016,47.549401],[7.583063,47.549433],[7.58311,47.549464],[7.583116,47.549468],[7.583157,47.549497],[7.583203,47.549529],[7.583249,47.549561],[7.583279,47.549581],[7.583446,47.549517],[7.583508,47.549492],[7.583602,47.549455],[7.583667,47.549425],[7.58381,47.549359],[7.583951,47.549295],[7.583976,47.549314],[7.584002,47.549333],[7.584027,47.549351],[7.584052,47.54937],[7.584145,47.549429],[7.584303,47.549367],[7.584469,47.549303],[7.584884,47.549143],[7.584896,47.549138],[7.584907,47.549133],[7.584919,47.549128],[7.58493,47.549124],[7.584942,47.549119],[7.584954,47.549114],[7.584966,47.54911],[7.584977,47.549105],[7.584989,47.549101],[7.585001,47.549097],[7.585013,47.549092],[7.585025,47.549088],[7.585037,47.549084],[7.585049,47.54908],[7.585061,47.549076],[7.585074,47.549072],[7.585086,47.549068],[7.585098,47.549064],[7.58511,47.54906],[7.585123,47.549056],[7.585135,47.549053],[7.585147,47.549049],[7.58516,47.549045],[7.585172,47.549042],[7.585185,47.549038],[7.585197,47.549035],[7.58521,47.549031],[7.585223,47.549028],[7.585235,47.549025],[7.585248,47.549022],[7.585261,47.549018],[7.585273,47.549015],[7.585286,47.549012],[7.585299,47.549009],[7.585312,47.549006],[7.585325,47.549004],[7.585338,47.549001],[7.585351,47.548998],[7.585364,47.548995],[7.585377,47.548993],[7.58539,47.54899],[7.585403,47.548988],[7.585416,47.548985],[7.585429,47.548983],[7.585442,47.548981],[7.585455,47.548978],[7.585468,47.548976],[7.585481,47.548974],[7.585494,47.548972],[7.585508,47.54897],[7.585521,47.548968],[7.585534,47.548966],[7.585547,47.548965],[7.585561,47.548963],[7.585574,47.548961],[7.585587,47.548959],[7.585601,47.548958],[7.585614,47.548956],[7.585627,47.548955],[7.585641,47.548954],[7.585654,47.548952],[7.585668,47.548951],[7.585681,47.54895],[7.585695,47.548949],[7.586023,47.548915],[7.587027,47.54881],[7.587038,47.548809],[7.587049,47.548808],[7.58706,47.548807],[7.587071,47.548806],[7.587081,47.548805],[7.587092,47.548804],[7.587103,47.548803],[7.587114,47.548801],[7.587125,47.5488],[7.587136,47.548798],[7.587148,47.548797],[7.587159,47.548795],[7.58717,47.548793],[7.587181,47.548791],[7.587192,47.548789],[7.587203,47.548787],[7.587214,47.548785],[7.587225,47.548783],[7.587236,47.548781],[7.587247,47.548778],[7.587258,47.548776],[7.587269,47.548773],[7.58728,47.548771],[7.58729,47.548768],[7.5873,47.548766],[7.587309,47.548763],[7.587318,47.548761],[7.587327,47.548758],[7.587337,47.548755],[7.587346,47.548753],[7.587355,47.54875],[7.587364,47.548747],[7.587373,47.548744],[7.587382,47.548742],[7.587391,47.548739],[7.5874,47.548736],[7.587408,47.548733],[7.587417,47.548729],[7.587426,47.548726],[7.587435,47.548723],[7.587605,47.548657],[7.587665,47.548634],[7.587937,47.548528],[7.589028,47.548104],[7.589856,47.547783],[7.590363,47.547587],[7.590565,47.547509],[7.591345,47.547206],[7.591876,47.547],[7.591881,47.546998],[7.591887,47.546996],[7.591892,47.546994],[7.591898,47.546992],[7.591903,47.54699],[7.591909,47.546989],[7.591915,47.546987],[7.591921,47.546986],[7.591926,47.546984],[7.591932,47.546983],[7.591938,47.546982],[7.591944,47.546981],[7.591951,47.546981],[7.591957,47.54698],[7.591963,47.546979],[7.591969,47.546979],[7.591973,47.546979],[7.591978,47.546979],[7.591982,47.546979],[7.591987,47.546979],[7.591991,47.546979],[7.591995,47.546979],[7.592,47.546979],[7.592004,47.546979],[7.592009,47.54698],[7.592013,47.54698],[7.592017,47.546981],[7.592022,47.546981],[7.592026,47.546982],[7.59203,47.546982],[7.592035,47.546983],[7.592039,47.546984],[7.592043,47.546985],[7.592047,47.546986],[7.592051,47.546987],[7.592056,47.546988],[7.59206,47.546989],[7.592064,47.54699],[7.592068,47.546991],[7.592072,47.546993],[7.592076,47.546994],[7.592079,47.546996],[7.592083,47.546997],[7.592087,47.546999],[7.592091,47.547],[7.592094,47.547002],[7.592098,47.547004],[7.592102,47.547005],[7.592616,47.547616],[7.592627,47.547631],[7.592638,47.547645],[7.592649,47.547659],[7.59266,47.547672],[7.592672,47.547686],[7.592683,47.5477],[7.592695,47.547714],[7.592707,47.547727],[7.592719,47.547741],[7.592732,47.547754],[7.592744,47.547767],[7.592757,47.547781],[7.59277,47.547794],[7.592783,47.547807],[7.592796,47.54782],[7.59281,47.547833],[7.592815,47.547826],[7.59282,47.547819],[7.592826,47.547813],[7.592831,47.547806],[7.592837,47.547799],[7.592843,47.547793],[7.592848,47.547786],[7.592854,47.54778],[7.59286,47.547773],[7.592866,47.547767],[7.592872,47.54776],[7.592878,47.547754],[7.592885,47.547747],[7.592891,47.547741],[7.592897,47.547735],[7.592904,47.547728],[7.59291,47.547722],[7.592917,47.547716],[7.592923,47.54771],[7.59293,47.547704],[7.592937,47.547698],[7.592944,47.547691],[7.592951,47.547685],[7.592958,47.547679],[7.592965,47.547673],[7.592972,47.547668],[7.592979,47.547662],[7.592986,47.547656],[7.592994,47.54765],[7.593001,47.547644],[7.593009,47.547639],[7.593016,47.547633],[7.593042,47.547613],[7.593713,47.547079],[7.593728,47.547071],[7.593742,47.547062],[7.593756,47.547053],[7.593771,47.547045],[7.593785,47.547036],[7.5938,47.547028],[7.593815,47.547019],[7.593829,47.547011],[7.593844,47.547003],[7.593859,47.546994],[7.593874,47.546986],[7.593889,47.546978],[7.593904,47.54697],[7.593919,47.546962],[7.593934,47.546954],[7.59395,47.546946],[7.593813,47.546796],[7.593365,47.546317],[7.593343,47.54629],[7.593428,47.546257],[7.593356,47.546173],[7.593494,47.546099],[7.593523,47.546084],[7.593552,47.546068],[7.593581,47.546053],[7.59361,47.546038],[7.593639,47.546023],[7.593668,47.546008],[7.593698,47.545993],[7.593727,47.545979],[7.593749,47.545968],[7.593772,47.545957],[7.593794,47.545946],[7.593817,47.545935],[7.59384,47.545924],[7.593862,47.545913],[7.593885,47.545902],[7.593908,47.545892],[7.593931,47.545881],[7.593954,47.54587],[7.593977,47.54586],[7.594,47.54585],[7.594023,47.545839],[7.594046,47.545829],[7.59407,47.545819],[7.594093,47.545809],[7.594115,47.545799],[7.594137,47.54579],[7.594159,47.54578],[7.594181,47.54577],[7.594203,47.54576],[7.594224,47.545751],[7.594246,47.545741],[7.594268,47.545731],[7.594284,47.545724],[7.5943,47.545717],[7.594316,47.54571],[7.594332,47.545703],[7.594348,47.545696],[7.594365,47.545689],[7.594381,47.545682],[7.594398,47.545676],[7.594414,47.545669],[7.594431,47.545663],[7.594448,47.545656],[7.594465,47.54565],[7.594482,47.545644],[7.594499,47.545638],[7.594516,47.545632],[7.594533,47.545626],[7.594575,47.545612],[7.594617,47.545597],[7.594659,47.545583],[7.594701,47.545569],[7.594717,47.545564],[7.594733,47.545559],[7.594749,47.545553],[7.594765,47.545548],[7.594782,47.545543],[7.594798,47.545538],[7.594814,47.545534],[7.594831,47.545529],[7.594847,47.545524],[7.594864,47.54552],[7.594881,47.545515],[7.594897,47.545511],[7.594914,47.545506],[7.594931,47.545502],[7.594947,47.545498],[7.594964,47.545494],[7.59598,47.545252],[7.596774,47.545062],[7.596792,47.545058],[7.59681,47.545053],[7.596828,47.545049],[7.596846,47.545044],[7.596864,47.54504],[7.596882,47.545035],[7.5969,47.545031],[7.596918,47.545026],[7.596935,47.545021],[7.596953,47.545016],[7.596971,47.545012],[7.596989,47.545007],[7.597007,47.545002],[7.597024,47.544997],[7.597042,47.544992],[7.59706,47.544987],[7.597077,47.544981],[7.597095,47.544976],[7.597113,47.544971],[7.59713,47.544966],[7.597148,47.54496],[7.597165,47.544955],[7.597183,47.54495],[7.5972,47.544944],[7.597217,47.544939],[7.597235,47.544933],[7.597252,47.544927],[7.597269,47.544922],[7.597287,47.544916],[7.597304,47.54491],[7.597321,47.544904],[7.597338,47.544898],[7.597378,47.544955],[7.59746,47.544929],[7.597542,47.544903],[7.597624,47.544877],[7.597706,47.544851],[7.597787,47.544824],[7.597869,47.544798],[7.597951,47.544771],[7.598032,47.544745],[7.598836,47.544485],[7.599164,47.544379],[7.599164,47.544375],[7.599151,47.544303],[7.599046,47.543694],[7.599046,47.543684],[7.599045,47.543675],[7.599045,47.543665],[7.599044,47.543656],[7.599043,47.543646],[7.599042,47.543637],[7.599041,47.543627],[7.599039,47.543618],[7.599038,47.543608],[7.599036,47.543599],[7.599034,47.54359],[7.599032,47.54358],[7.59903,47.543571],[7.599028,47.543561],[7.599025,47.543552],[7.599023,47.543543],[7.59902,47.543533],[7.599017,47.543522],[7.599013,47.543512],[7.59901,47.543502],[7.599006,47.543491],[7.599002,47.543481],[7.598998,47.543471],[7.598994,47.543461],[7.598989,47.543451],[7.598985,47.543441],[7.59898,47.543431],[7.598977,47.543425],[7.599375,47.543246],[7.599532,47.543176],[7.599535,47.543174],[7.599665,47.543108],[7.600082,47.542896],[7.600366,47.542761],[7.600464,47.542714],[7.600892,47.542497],[7.601081,47.542399],[7.601195,47.54234],[7.601822,47.542023],[7.601996,47.54193],[7.602194,47.541498],[7.602541,47.540741],[7.602689,47.540416],[7.602702,47.540387],[7.603256,47.539177],[7.603397,47.53887],[7.603809,47.537969],[7.604054,47.537434]]],"type":"Polygon"},"properties":{"geo_point_2d":{"lon":7.591195269056769,"lat":47.54366035159327},"wov_id":"06","wov_label":"6","wov_name":"Gundeldingen","gemeinde_name":"Basel"}},{"type":"Feature","geometry":{"coordinates":[[[7.594842,47.519344],[7.594788,47.519297],[7.594441,47.519327],[7.593746,47.519387],[7.592788,47.519469],[7.59134,47.519601],[7.590746,47.519655],[7.590512,47.519721],[7.590343,47.519769],[7.590255,47.519795],[7.590219,47.519929],[7.590142,47.52014],[7.590042,47.520416],[7.589925,47.520738],[7.589905,47.520793],[7.589885,47.520881],[7.589825,47.521152],[7.589788,47.521318],[7.589757,47.521457],[7.589674,47.521831],[7.589619,47.521943],[7.589529,47.522125],[7.58947,47.522245],[7.589443,47.522298],[7.589431,47.522367],[7.589404,47.522516],[7.589375,47.522677],[7.589349,47.522825],[7.589336,47.522899],[7.589325,47.52296],[7.589326,47.522973],[7.589365,47.523352],[7.589393,47.523628],[7.589402,47.523718],[7.589425,47.523794],[7.589539,47.524177],[7.589616,47.524432],[7.589625,47.524641],[7.589636,47.524889],[7.589648,47.525162],[7.58966,47.525184],[7.589881,47.525581],[7.58997,47.525742],[7.589959,47.525965],[7.589948,47.526168],[7.589937,47.526473],[7.589933,47.526589],[7.58993,47.526679],[7.589924,47.526704],[7.58984,47.527079],[7.589567,47.527751],[7.589489,47.527928],[7.589472,47.527929],[7.589454,47.52793],[7.589437,47.527931],[7.58942,47.527932],[7.589402,47.527933],[7.589385,47.527934],[7.589367,47.527936],[7.58935,47.527938],[7.589333,47.52794],[7.589316,47.527942],[7.589299,47.527944],[7.589281,47.527946],[7.589264,47.527949],[7.589247,47.527951],[7.58923,47.527954],[7.589213,47.527957],[7.589197,47.52796],[7.58918,47.527963],[7.589163,47.527966],[7.589146,47.52797],[7.58913,47.527973],[7.589113,47.527977],[7.589097,47.527981],[7.58908,47.527985],[7.589064,47.527989],[7.589048,47.527994],[7.589031,47.527998],[7.589015,47.528003],[7.588999,47.528007],[7.588983,47.528012],[7.588967,47.528017],[7.588952,47.528022],[7.58894,47.528026],[7.588929,47.52803],[7.588917,47.528034],[7.588906,47.528038],[7.588894,47.528042],[7.588883,47.528047],[7.588872,47.528051],[7.58886,47.528055],[7.588849,47.52806],[7.588838,47.528064],[7.588827,47.528069],[7.588816,47.528073],[7.588805,47.528078],[7.588795,47.528083],[7.588784,47.528088],[7.588773,47.528093],[7.588762,47.528098],[7.588752,47.528103],[7.588741,47.528108],[7.588731,47.528113],[7.588721,47.528118],[7.58871,47.528124],[7.5887,47.528129],[7.58869,47.528134],[7.58868,47.52814],[7.58867,47.528145],[7.58866,47.528151],[7.58865,47.528157],[7.588641,47.528163],[7.588631,47.528168],[7.588621,47.528174],[7.588612,47.52818],[7.588606,47.528184],[7.588601,47.528187],[7.588595,47.528191],[7.58859,47.528195],[7.588584,47.528198],[7.588579,47.528202],[7.588574,47.528206],[7.588569,47.52821],[7.588564,47.528214],[7.588559,47.528218],[7.588554,47.528222],[7.588549,47.528226],[7.588544,47.52823],[7.588539,47.528234],[7.588534,47.528238],[7.58853,47.528242],[7.588525,47.528247],[7.588519,47.528252],[7.588514,47.528257],[7.588509,47.528262],[7.588504,47.528267],[7.588499,47.528272],[7.588494,47.528277],[7.58849,47.528283],[7.588485,47.528288],[7.588481,47.528293],[7.588476,47.528298],[7.588472,47.528304],[7.588468,47.528309],[7.588464,47.528315],[7.58846,47.52832],[7.588456,47.528326],[7.588453,47.52833],[7.58845,47.528335],[7.588447,47.528339],[7.588444,47.528344],[7.588442,47.528349],[7.588439,47.528353],[7.588436,47.528358],[7.588434,47.528363],[7.588431,47.528367],[7.588429,47.528372],[7.588427,47.528377],[7.588425,47.528382],[7.588422,47.528386],[7.58842,47.528391],[7.588418,47.528396],[7.588416,47.528401],[7.588415,47.528405],[7.588413,47.52841],[7.588411,47.528415],[7.588409,47.52842],[7.588408,47.528425],[7.588406,47.52843],[7.588405,47.528435],[7.588404,47.52844],[7.588402,47.528445],[7.588401,47.52845],[7.5884,47.528456],[7.588399,47.528461],[7.588398,47.528466],[7.588397,47.528471],[7.588396,47.528476],[7.588396,47.528481],[7.588395,47.528486],[7.588395,47.528491],[7.588394,47.528496],[7.588394,47.528501],[7.588394,47.528506],[7.588393,47.528512],[7.588393,47.528517],[7.588393,47.528522],[7.588393,47.528527],[7.588394,47.528532],[7.588394,47.528537],[7.588394,47.528542],[7.588395,47.528547],[7.588395,47.528553],[7.588396,47.528558],[7.588396,47.528563],[7.588397,47.528568],[7.588408,47.52864],[7.588432,47.528797],[7.588473,47.529061],[7.587102,47.529176],[7.585873,47.52928],[7.585881,47.529416],[7.585892,47.52962],[7.585895,47.52967],[7.585905,47.529843],[7.58591,47.529939],[7.585911,47.529963],[7.585898,47.530077],[7.585884,47.53019],[7.585868,47.530323],[7.585853,47.53045],[7.585837,47.530586],[7.585831,47.530636],[7.585818,47.530698],[7.585784,47.530866],[7.585745,47.531059],[7.585733,47.531113],[7.58569,47.531328],[7.585251,47.531303],[7.58517,47.531299],[7.58515,47.531298],[7.585131,47.531296],[7.585111,47.531295],[7.585092,47.531294],[7.585072,47.531292],[7.585053,47.53129],[7.585034,47.531288],[7.585014,47.531286],[7.585,47.531285],[7.584986,47.531283],[7.584972,47.531282],[7.584959,47.53128],[7.584945,47.531278],[7.584931,47.531276],[7.584917,47.531274],[7.584903,47.531272],[7.584881,47.531269],[7.584859,47.531266],[7.584838,47.531262],[7.584816,47.531258],[7.584795,47.531255],[7.584773,47.531251],[7.584752,47.531246],[7.58473,47.531242],[7.584718,47.53124],[7.584706,47.531237],[7.584694,47.531234],[7.584682,47.531232],[7.58467,47.531229],[7.584658,47.531226],[7.584646,47.531223],[7.584634,47.53122],[7.584622,47.531218],[7.58461,47.531215],[7.584598,47.531212],[7.584586,47.531208],[7.584574,47.531205],[7.584562,47.531202],[7.584551,47.531199],[7.584539,47.531196],[7.584527,47.531192],[7.584515,47.531189],[7.584504,47.531186],[7.584492,47.531182],[7.584481,47.531179],[7.584469,47.531175],[7.584457,47.531171],[7.584446,47.531168],[7.584434,47.531164],[7.584423,47.53116],[7.584412,47.531157],[7.5844,47.531153],[7.584389,47.531149],[7.584378,47.531145],[7.584366,47.531141],[7.584355,47.531137],[7.584343,47.531133],[7.584331,47.531128],[7.584318,47.531123],[7.584306,47.531119],[7.584294,47.531114],[7.584282,47.531109],[7.58427,47.531105],[7.584258,47.5311],[7.584246,47.531095],[7.584235,47.53109],[7.584223,47.531085],[7.584211,47.53108],[7.584199,47.531075],[7.584188,47.53107],[7.584176,47.531065],[7.584165,47.531059],[7.584043,47.531004],[7.583858,47.530919],[7.583742,47.531016],[7.583405,47.531298],[7.583179,47.531487],[7.582915,47.531822],[7.582794,47.531975],[7.582787,47.531984],[7.58275,47.532181],[7.582713,47.532378],[7.582695,47.532473],[7.582901,47.532787],[7.583006,47.532948],[7.583093,47.533044],[7.583249,47.533217],[7.583412,47.533399],[7.583471,47.533465],[7.583682,47.533794],[7.583943,47.534239],[7.584031,47.53439],[7.584105,47.534515],[7.584182,47.534647],[7.584211,47.534693],[7.584273,47.534789],[7.584328,47.534875],[7.584486,47.535122],[7.584525,47.535182],[7.585072,47.535998],[7.5853,47.536366],[7.585635,47.536911],[7.585926,47.537409],[7.585952,47.537501],[7.585956,47.537508],[7.585959,47.537515],[7.585963,47.537521],[7.585966,47.537528],[7.585969,47.537535],[7.585972,47.537542],[7.585975,47.537549],[7.585977,47.537556],[7.58598,47.537563],[7.585982,47.53757],[7.585984,47.537577],[7.585986,47.537584],[7.585987,47.537591],[7.585989,47.537598],[7.58599,47.537606],[7.585991,47.537613],[7.585992,47.53762],[7.585993,47.537627],[7.585993,47.537634],[7.585993,47.537641],[7.585993,47.537649],[7.585993,47.537656],[7.585993,47.537663],[7.585993,47.53767],[7.585992,47.537677],[7.585991,47.537684],[7.58599,47.537692],[7.585989,47.537699],[7.585988,47.537706],[7.585986,47.537713],[7.585985,47.53772],[7.585983,47.537727],[7.585981,47.537734],[7.585978,47.537741],[7.585976,47.537748],[7.585973,47.537755],[7.585971,47.537762],[7.585968,47.537769],[7.585964,47.537776],[7.585961,47.537783],[7.585958,47.537789],[7.585954,47.537796],[7.58595,47.537803],[7.585946,47.537809],[7.585942,47.537816],[7.585937,47.537823],[7.585933,47.537829],[7.585928,47.537836],[7.585923,47.537842],[7.585918,47.537848],[7.585913,47.537855],[7.585908,47.537861],[7.585902,47.537867],[7.585896,47.537873],[7.58589,47.537879],[7.585884,47.537885],[7.585878,47.537891],[7.585872,47.537897],[7.585866,47.537902],[7.585859,47.537908],[7.585852,47.537913],[7.585845,47.537919],[7.585838,47.537924],[7.585831,47.53793],[7.585735,47.537999],[7.585727,47.538005],[7.585719,47.538011],[7.585711,47.538017],[7.585703,47.538024],[7.585695,47.53803],[7.585687,47.538036],[7.58568,47.538043],[7.585672,47.538049],[7.585665,47.538056],[7.585658,47.538063],[7.585651,47.538069],[7.585644,47.538076],[7.585637,47.538083],[7.58563,47.53809],[7.585623,47.538097],[7.585617,47.538104],[7.585612,47.53811],[7.585606,47.538116],[7.585601,47.538121],[7.585596,47.538127],[7.585592,47.538133],[7.585587,47.538139],[7.585582,47.538145],[7.585577,47.538151],[7.585573,47.538157],[7.585569,47.538163],[7.585564,47.53817],[7.58556,47.538176],[7.585556,47.538182],[7.585552,47.538188],[7.585548,47.538194],[7.585544,47.538201],[7.58554,47.538207],[7.585536,47.538213],[7.585533,47.53822],[7.585529,47.538226],[7.585526,47.538232],[7.585523,47.538239],[7.58552,47.538245],[7.585516,47.538252],[7.585513,47.538258],[7.58551,47.538265],[7.585508,47.538271],[7.585505,47.538278],[7.585502,47.538284],[7.5855,47.538291],[7.585497,47.538297],[7.585495,47.538304],[7.585492,47.538315],[7.585488,47.538325],[7.585485,47.538336],[7.585482,47.538347],[7.58548,47.538357],[7.585478,47.538368],[7.585476,47.538379],[7.585474,47.53839],[7.585473,47.538401],[7.585471,47.538412],[7.58547,47.538423],[7.58547,47.538434],[7.585469,47.538444],[7.585469,47.538455],[7.585469,47.538466],[7.58547,47.538477],[7.58547,47.538488],[7.585471,47.538499],[7.585472,47.53851],[7.585474,47.538521],[7.585476,47.538532],[7.585477,47.538543],[7.58548,47.538553],[7.585482,47.538564],[7.585485,47.538575],[7.585488,47.538586],[7.585491,47.538596],[7.585495,47.538607],[7.585498,47.538618],[7.585502,47.538628],[7.585507,47.538639],[7.585511,47.538649],[7.585728,47.539134],[7.585907,47.539446],[7.586523,47.540513],[7.586844,47.541245],[7.58727,47.541906],[7.587311,47.541969],[7.587743,47.541825],[7.588131,47.541695],[7.588233,47.541661],[7.588248,47.541656],[7.588264,47.541651],[7.588375,47.541614],[7.589077,47.541381],[7.589161,47.541353],[7.589251,47.541323],[7.589832,47.54113],[7.590476,47.540916],[7.590553,47.540891],[7.590721,47.540835],[7.590835,47.540797],[7.591522,47.540569],[7.59177,47.540494],[7.592536,47.540264],[7.593423,47.540004],[7.593529,47.539973],[7.593782,47.539898],[7.593905,47.539862],[7.594547,47.539674],[7.595117,47.539506],[7.595283,47.539458],[7.595474,47.539402],[7.596063,47.539221],[7.59622,47.539175],[7.596525,47.539086],[7.597308,47.538856],[7.597417,47.538828],[7.59839,47.538545],[7.598579,47.53849],[7.599204,47.538307],[7.600477,47.537933],[7.600599,47.537897],[7.601219,47.537715],[7.602031,47.537476],[7.602174,47.537435],[7.602952,47.537206],[7.603614,47.537004],[7.60364,47.536997],[7.603666,47.536989],[7.603691,47.536981],[7.603717,47.536973],[7.603742,47.536965],[7.603768,47.536957],[7.603793,47.536948],[7.603818,47.53694],[7.603831,47.536936],[7.603844,47.536932],[7.603856,47.536928],[7.603869,47.536924],[7.603881,47.536919],[7.603893,47.536915],[7.603906,47.536911],[7.603918,47.536906],[7.60393,47.536902],[7.603942,47.536897],[7.603954,47.536892],[7.603966,47.536887],[7.603978,47.536883],[7.60399,47.536878],[7.604002,47.536873],[7.604013,47.536868],[7.604025,47.536862],[7.604036,47.536857],[7.604048,47.536852],[7.604059,47.536846],[7.604071,47.536841],[7.604082,47.536835],[7.604093,47.53683],[7.604104,47.536824],[7.604115,47.536818],[7.604126,47.536813],[7.604137,47.536807],[7.604148,47.536801],[7.604158,47.536795],[7.604169,47.536789],[7.604179,47.536783],[7.60419,47.536776],[7.604203,47.536768],[7.604217,47.53676],[7.60423,47.536751],[7.604243,47.536742],[7.604256,47.536734],[7.604269,47.536725],[7.604282,47.536716],[7.604294,47.536707],[7.604307,47.536698],[7.604319,47.536688],[7.604331,47.536679],[7.604343,47.536669],[7.604354,47.53666],[7.604366,47.53665],[7.604377,47.53664],[7.604388,47.53663],[7.604449,47.53648],[7.604483,47.536311],[7.604606,47.535668],[7.604659,47.535098],[7.604864,47.534171],[7.604864,47.53417],[7.604956,47.533536],[7.605058,47.533031],[7.605135,47.532654],[7.605171,47.532475],[7.6052,47.532333],[7.605304,47.531821],[7.605341,47.531637],[7.605352,47.531586],[7.605439,47.531156],[7.605453,47.531088],[7.605466,47.531019],[7.60548,47.530951],[7.605493,47.530882],[7.605506,47.530814],[7.605519,47.530745],[7.605531,47.530677],[7.605544,47.530608],[7.605563,47.530494],[7.605582,47.530424],[7.605541,47.530372],[7.605489,47.530305],[7.605497,47.530252],[7.605508,47.530173],[7.605526,47.530033],[7.60554,47.529889],[7.605547,47.529786],[7.605496,47.529787],[7.605022,47.529795],[7.604622,47.529801],[7.60471,47.529294],[7.604214,47.528651],[7.603598,47.527817],[7.602995,47.527],[7.60235,47.526128],[7.601775,47.525351],[7.60173,47.525312],[7.600644,47.524376],[7.599211,47.52314],[7.598978,47.52294],[7.598802,47.522789],[7.598133,47.522211],[7.597951,47.522055],[7.597822,47.521943],[7.597807,47.52193],[7.597162,47.521369],[7.596297,47.520616],[7.596261,47.520585],[7.595994,47.520352],[7.595731,47.520121],[7.595229,47.519682],[7.595037,47.519515],[7.594842,47.519344]]],"type":"Polygon"},"properties":{"geo_point_2d":{"lon":7.594487365723124,"lat":47.531233281550726},"wov_id":"07","wov_label":"7","wov_name":"Bruderholz","gemeinde_name":"Basel"}},{"type":"Feature","geometry":{"coordinates":[[[7.57632,47.543916],[7.576013,47.543936],[7.575702,47.543957],[7.575562,47.543981],[7.57543,47.544004],[7.575304,47.544025],[7.575257,47.544034],[7.575146,47.544053],[7.574233,47.544209],[7.573527,47.544328],[7.573388,47.544351],[7.5724,47.544521],[7.571122,47.544741],[7.570688,47.544804],[7.570234,47.544871],[7.569614,47.544961],[7.568573,47.545115],[7.567831,47.545225],[7.567592,47.54526],[7.566416,47.54544],[7.56563,47.545563],[7.564897,47.545674],[7.564792,47.545691],[7.564685,47.545694],[7.564622,47.545684],[7.564573,47.545674],[7.564523,47.545663],[7.564461,47.545647],[7.564237,47.545589],[7.563518,47.545419],[7.563021,47.545311],[7.562272,47.545207],[7.561933,47.545169],[7.561713,47.545138],[7.561497,47.545098],[7.561284,47.545049],[7.561074,47.54499],[7.560858,47.544942],[7.5601,47.544804],[7.559422,47.544693],[7.558812,47.544598],[7.558568,47.544563],[7.557545,47.544405],[7.557049,47.544367],[7.556546,47.544337],[7.555888,47.544341],[7.555897,47.544364],[7.555919,47.544426],[7.555935,47.544471],[7.555989,47.544622],[7.556048,47.544786],[7.556072,47.544852],[7.556088,47.544899],[7.556179,47.545153],[7.556275,47.54542],[7.556278,47.545429],[7.55629,47.545465],[7.556378,47.545709],[7.556482,47.546],[7.556517,47.546098],[7.557347,47.548419],[7.557402,47.548574],[7.558759,47.552358],[7.56091,47.551814],[7.56125,47.551728],[7.561325,47.551861],[7.561434,47.551874],[7.561591,47.551892],[7.563239,47.552079],[7.564607,47.552235],[7.565383,47.552323],[7.565564,47.552344],[7.565745,47.552364],[7.566278,47.552425],[7.566723,47.552477],[7.566775,47.552483],[7.567406,47.552553],[7.56756,47.552571],[7.568875,47.55272],[7.569033,47.552736],[7.569189,47.552752],[7.570322,47.552884],[7.570507,47.552906],[7.570846,47.552945],[7.571003,47.552959],[7.571197,47.552976],[7.571873,47.553055],[7.572003,47.553081],[7.572226,47.553125],[7.572424,47.553146],[7.572647,47.553171],[7.574111,47.553332],[7.574214,47.55335],[7.575376,47.553555],[7.576514,47.553755],[7.576697,47.553796],[7.576711,47.553777],[7.576726,47.553757],[7.57674,47.553738],[7.576755,47.553719],[7.57677,47.5537],[7.576785,47.553681],[7.5768,47.553661],[7.576815,47.553642],[7.57683,47.553623],[7.576845,47.553604],[7.576861,47.553585],[7.576877,47.553566],[7.576892,47.553547],[7.576908,47.553529],[7.576924,47.55351],[7.57694,47.553491],[7.576956,47.553472],[7.576972,47.553454],[7.576989,47.553435],[7.577005,47.553416],[7.577022,47.553398],[7.577038,47.553379],[7.577055,47.553361],[7.577072,47.553342],[7.577089,47.553324],[7.577106,47.553306],[7.577123,47.553287],[7.57714,47.553269],[7.577157,47.553251],[7.577175,47.553233],[7.577192,47.553215],[7.57721,47.553197],[7.577256,47.553146],[7.57726,47.553142],[7.577288,47.553115],[7.577315,47.553088],[7.577343,47.553061],[7.577371,47.553034],[7.577399,47.553007],[7.577427,47.55298],[7.577455,47.552954],[7.577483,47.552927],[7.577511,47.5529],[7.57754,47.552874],[7.577568,47.552847],[7.577597,47.552821],[7.577626,47.552794],[7.577655,47.552768],[7.577684,47.552742],[7.577713,47.552716],[7.577742,47.552689],[7.577772,47.552663],[7.577801,47.552637],[7.577831,47.552611],[7.577861,47.552586],[7.577891,47.55256],[7.577921,47.552534],[7.577951,47.552508],[7.577981,47.552483],[7.578011,47.552457],[7.578042,47.552431],[7.578072,47.552406],[7.578103,47.552381],[7.578134,47.552355],[7.578165,47.55233],[7.578196,47.552305],[7.578237,47.552272],[7.578278,47.552238],[7.57832,47.552205],[7.578362,47.552173],[7.578404,47.55214],[7.578446,47.552107],[7.578488,47.552075],[7.578531,47.552042],[7.578573,47.55201],[7.578616,47.551978],[7.578659,47.551946],[7.578702,47.551914],[7.578746,47.551882],[7.57879,47.55185],[7.578833,47.551819],[7.578877,47.551787],[7.578922,47.551756],[7.578966,47.551724],[7.579011,47.551693],[7.579055,47.551662],[7.5791,47.551631],[7.579146,47.551601],[7.579191,47.55157],[7.579236,47.55154],[7.579282,47.551509],[7.579328,47.551479],[7.579374,47.551449],[7.57942,47.551419],[7.579466,47.551389],[7.579513,47.551359],[7.57956,47.551329],[7.579607,47.5513],[7.579621,47.551291],[7.579636,47.551281],[7.579651,47.551272],[7.579666,47.551263],[7.579681,47.551254],[7.579696,47.551245],[7.579711,47.551236],[7.579726,47.551227],[7.579737,47.55122],[7.579749,47.551214],[7.579761,47.551207],[7.579772,47.551201],[7.579784,47.551194],[7.579796,47.551187],[7.579807,47.551181],[7.579819,47.551175],[7.579837,47.551165],[7.579854,47.551155],[7.579872,47.551146],[7.57989,47.551137],[7.579908,47.551127],[7.579926,47.551118],[7.579944,47.551109],[7.579962,47.5511],[7.57998,47.55109],[7.579998,47.551081],[7.580016,47.551072],[7.580035,47.551064],[7.580053,47.551055],[7.580072,47.551046],[7.58009,47.551037],[7.580109,47.551029],[7.580127,47.55102],[7.580146,47.551012],[7.580165,47.551003],[7.580184,47.550995],[7.580203,47.550987],[7.580222,47.550979],[7.580241,47.55097],[7.58026,47.550962],[7.58028,47.550954],[7.580299,47.550947],[7.580318,47.550939],[7.580338,47.550931],[7.580357,47.550923],[7.580377,47.550916],[7.580396,47.550908],[7.580416,47.550901],[7.580772,47.550753],[7.581219,47.550568],[7.581371,47.550505],[7.582561,47.550045],[7.582769,47.549964],[7.582709,47.549891],[7.582653,47.549836],[7.582759,47.549788],[7.582813,47.549766],[7.583011,47.549686],[7.583077,47.549659],[7.583279,47.549581],[7.583249,47.549561],[7.583203,47.549529],[7.583157,47.549497],[7.583116,47.549468],[7.58311,47.549464],[7.583063,47.549433],[7.583016,47.549401],[7.58297,47.549369],[7.582923,47.549337],[7.582876,47.549305],[7.582829,47.549273],[7.582782,47.549241],[7.582735,47.54921],[7.582688,47.549178],[7.582641,47.549146],[7.582594,47.549114],[7.582548,47.549082],[7.582512,47.549058],[7.582418,47.548992],[7.582425,47.548988],[7.582491,47.548953],[7.582637,47.548847],[7.582705,47.548813],[7.582722,47.548811],[7.582741,47.548723],[7.582741,47.548718],[7.582741,47.548713],[7.58274,47.548709],[7.58274,47.548704],[7.582739,47.548699],[7.582738,47.548695],[7.582922,47.5486],[7.582909,47.548589],[7.58289,47.548573],[7.582871,47.548557],[7.582852,47.548541],[7.582832,47.548525],[7.582813,47.548509],[7.582793,47.548493],[7.582773,47.548477],[7.582753,47.548461],[7.582732,47.548446],[7.582712,47.54843],[7.582691,47.548415],[7.58267,47.5484],[7.582649,47.548384],[7.582628,47.548369],[7.582607,47.548354],[7.582585,47.548339],[7.582564,47.548325],[7.582542,47.54831],[7.58252,47.548296],[7.582498,47.548281],[7.582475,47.548267],[7.582453,47.548253],[7.58243,47.548238],[7.582408,47.548224],[7.582385,47.548211],[7.582362,47.548197],[7.582339,47.548183],[7.582315,47.548169],[7.582292,47.548156],[7.582268,47.548143],[7.581087,47.547452],[7.579331,47.546427],[7.579319,47.546421],[7.579308,47.546414],[7.579296,47.546407],[7.579285,47.5464],[7.579274,47.546393],[7.579263,47.546386],[7.579252,47.546379],[7.579241,47.546372],[7.57923,47.546365],[7.579219,47.546358],[7.579208,47.546351],[7.579197,47.546344],[7.579187,47.546336],[7.579176,47.546329],[7.579166,47.546322],[7.579155,47.546314],[7.579145,47.546307],[7.579135,47.546299],[7.579125,47.546291],[7.579115,47.546284],[7.579105,47.546276],[7.579095,47.546268],[7.579085,47.54626],[7.579075,47.546253],[7.579066,47.546245],[7.579056,47.546237],[7.579047,47.546229],[7.579037,47.546221],[7.579028,47.546213],[7.579019,47.546204],[7.57901,47.546196],[7.579001,47.546188],[7.578992,47.54618],[7.578983,47.546171],[7.578974,47.546163],[7.578966,47.546155],[7.578957,47.546146],[7.578949,47.546138],[7.57894,47.546129],[7.578932,47.546121],[7.578924,47.546112],[7.578916,47.546103],[7.578908,47.546095],[7.5789,47.546086],[7.578892,47.546077],[7.578884,47.546068],[7.578877,47.546059],[7.578869,47.54605],[7.578862,47.546041],[7.578854,47.546032],[7.578847,47.546023],[7.57884,47.546014],[7.578833,47.546005],[7.578826,47.545996],[7.578819,47.545987],[7.578812,47.545978],[7.578806,47.545969],[7.578799,47.545959],[7.578793,47.54595],[7.578786,47.545941],[7.57878,47.545932],[7.578774,47.545922],[7.578768,47.545913],[7.578762,47.545903],[7.578756,47.545893],[7.578751,47.545883],[7.578745,47.545873],[7.57874,47.545863],[7.578735,47.545853],[7.578729,47.545842],[7.578725,47.545832],[7.57872,47.545822],[7.578715,47.545812],[7.57871,47.545801],[7.578706,47.545791],[7.578702,47.54578],[7.578697,47.54577],[7.578693,47.54576],[7.578689,47.545749],[7.578686,47.545739],[7.578682,47.545728],[7.578679,47.545717],[7.578675,47.545706],[7.578672,47.545695],[7.578669,47.545683],[7.578666,47.545672],[7.578663,47.545661],[7.57866,47.54565],[7.578657,47.545639],[7.578654,47.545628],[7.578652,47.545617],[7.578649,47.545606],[7.578647,47.545594],[7.578645,47.545583],[7.578642,47.545572],[7.57864,47.545561],[7.578638,47.54555],[7.578636,47.545539],[7.578635,47.545527],[7.578633,47.545516],[7.578631,47.545505],[7.57863,47.545494],[7.578628,47.545482],[7.578627,47.545471],[7.578626,47.54546],[7.578625,47.545449],[7.578623,47.545437],[7.578623,47.545426],[7.578622,47.545415],[7.578621,47.545404],[7.57862,47.545392],[7.57862,47.545381],[7.578619,47.545358],[7.578618,47.545335],[7.578617,47.545312],[7.578615,47.545289],[7.578614,47.545266],[7.578612,47.545243],[7.57861,47.54522],[7.578608,47.545197],[7.578605,47.545174],[7.578603,47.545151],[7.5786,47.545128],[7.578597,47.545105],[7.578594,47.545082],[7.57859,47.54506],[7.578587,47.545037],[7.578583,47.545014],[7.578403,47.544239],[7.578349,47.544047],[7.578296,47.54382],[7.578283,47.543766],[7.5781,47.543797],[7.577834,47.543814],[7.577688,47.543824],[7.577493,47.543837],[7.57676,47.543886],[7.576613,47.543896],[7.57656,47.5439],[7.57632,47.543916]]],"type":"Polygon"},"properties":{"geo_point_2d":{"lon":7.569521006114321,"lat":47.54865011055783},"wov_id":"08","wov_label":"8","wov_name":"Bachletten","gemeinde_name":"Basel"}},{"type":"Feature","geometry":{"coordinates":[[[7.574214,47.55335],[7.574111,47.553332],[7.572647,47.553171],[7.572424,47.553146],[7.572226,47.553125],[7.572003,47.553081],[7.571873,47.553055],[7.571197,47.552976],[7.571003,47.552959],[7.570846,47.552945],[7.570507,47.552906],[7.570322,47.552884],[7.569189,47.552752],[7.569033,47.552736],[7.568875,47.55272],[7.56756,47.552571],[7.567406,47.552553],[7.566775,47.552483],[7.566723,47.552477],[7.566278,47.552425],[7.565745,47.552364],[7.565564,47.552344],[7.565383,47.552323],[7.564607,47.552235],[7.563239,47.552079],[7.561591,47.551892],[7.561434,47.551874],[7.561325,47.551861],[7.561378,47.551954],[7.561383,47.551964],[7.561484,47.552143],[7.562145,47.553314],[7.562206,47.553423],[7.562737,47.554364],[7.56277,47.554423],[7.563059,47.554934],[7.563212,47.555146],[7.563682,47.555794],[7.564131,47.556415],[7.564207,47.55652],[7.564289,47.556633],[7.564363,47.556735],[7.564407,47.556795],[7.564444,47.556847],[7.564488,47.556907],[7.564561,47.557009],[7.564575,47.557027],[7.564585,47.557041],[7.564578,47.557109],[7.564754,47.557117],[7.56477,47.557118],[7.564951,47.557127],[7.565931,47.557175],[7.56599,47.557178],[7.566274,47.557191],[7.566515,47.557203],[7.566914,47.557223],[7.567164,47.557235],[7.567288,47.557241],[7.568017,47.557277],[7.568529,47.557302],[7.568758,47.557313],[7.570084,47.557378],[7.570099,47.557379],[7.570114,47.557379],[7.570129,47.55738],[7.570144,47.55738],[7.570154,47.55738],[7.570164,47.55738],[7.570174,47.55738],[7.570184,47.55738],[7.570194,47.55738],[7.570204,47.557379],[7.570214,47.557379],[7.570224,47.557379],[7.570225,47.557379],[7.570727,47.557406],[7.571132,47.557429],[7.571182,47.557431],[7.571273,47.557436],[7.572816,47.557511],[7.573035,47.55752],[7.57328,47.557529],[7.573635,47.557458],[7.573737,47.557437],[7.573833,47.557418],[7.574517,47.557281],[7.574592,47.557266],[7.575023,47.557179],[7.575254,47.557132],[7.575263,47.5571],[7.575301,47.556964],[7.575356,47.556765],[7.575475,47.556336],[7.575492,47.556279],[7.575637,47.555786],[7.57569,47.555628],[7.575717,47.555548],[7.575726,47.555521],[7.575736,47.555495],[7.575746,47.555468],[7.575757,47.555441],[7.575767,47.555414],[7.575778,47.555388],[7.575788,47.555361],[7.575799,47.555335],[7.57581,47.555308],[7.575821,47.555281],[7.575832,47.555255],[7.575844,47.555228],[7.575855,47.555202],[7.575867,47.555176],[7.575879,47.555149],[7.575891,47.555123],[7.575903,47.555096],[7.575915,47.55507],[7.575927,47.555044],[7.57594,47.555018],[7.575952,47.554991],[7.575965,47.554965],[7.575978,47.554939],[7.575991,47.554913],[7.576004,47.554887],[7.576018,47.554861],[7.576031,47.554835],[7.576045,47.554809],[7.576058,47.554783],[7.576072,47.554757],[7.576086,47.554731],[7.5761,47.554705],[7.576114,47.55468],[7.576127,47.554656],[7.576141,47.554631],[7.576155,47.554607],[7.576169,47.554583],[7.576183,47.554558],[7.576198,47.554534],[7.576212,47.55451],[7.576226,47.554485],[7.576241,47.554461],[7.576256,47.554437],[7.576271,47.554413],[7.576286,47.554388],[7.576301,47.554364],[7.576316,47.55434],[7.576331,47.554316],[7.57635,47.554288],[7.576368,47.55426],[7.576387,47.554231],[7.576405,47.554203],[7.576424,47.554175],[7.576444,47.554147],[7.576463,47.554119],[7.576482,47.554091],[7.576502,47.554063],[7.576522,47.554035],[7.576542,47.554007],[7.576562,47.553979],[7.576582,47.553952],[7.576602,47.553924],[7.576623,47.553896],[7.576644,47.553869],[7.576657,47.55385],[7.57667,47.553832],[7.576683,47.553814],[7.576697,47.553796],[7.576514,47.553755],[7.575376,47.553555],[7.574214,47.55335]]],"type":"Polygon"},"properties":{"geo_point_2d":{"lon":7.569043454270269,"lat":47.554871358876944},"wov_id":"09","wov_label":"9","wov_name":"Gotthelf","gemeinde_name":"Basel"}},{"type":"Feature","geometry":{"coordinates":[[[7.564754,47.557117],[7.564578,47.557109],[7.564572,47.557179],[7.564569,47.557207],[7.564568,47.557223],[7.563921,47.557649],[7.563696,47.557797],[7.563441,47.557966],[7.563263,47.558083],[7.56306,47.558217],[7.562879,47.558336],[7.562858,47.55835],[7.562472,47.558604],[7.562399,47.558653],[7.562251,47.55875],[7.562089,47.558857],[7.562023,47.5589],[7.561596,47.559182],[7.561591,47.559185],[7.561589,47.559187],[7.561553,47.559215],[7.561504,47.559253],[7.560094,47.560366],[7.55998,47.560455],[7.559877,47.560537],[7.559853,47.560566],[7.559821,47.560606],[7.559595,47.560886],[7.559132,47.561461],[7.558727,47.561964],[7.558718,47.561971],[7.558697,47.561989],[7.55868,47.562003],[7.558659,47.562021],[7.558601,47.562069],[7.557934,47.562625],[7.556986,47.563126],[7.556848,47.563199],[7.556297,47.56349],[7.556141,47.563573],[7.555642,47.563838],[7.554738,47.564319],[7.554674,47.564353],[7.55466,47.564366],[7.5573,47.565031],[7.557351,47.565149],[7.557556,47.56562],[7.55795,47.566523],[7.558265,47.567247],[7.558739,47.568195],[7.559335,47.569389],[7.558759,47.569791],[7.558685,47.569842],[7.55713,47.570924],[7.556464,47.571387],[7.556624,47.571788],[7.556896,47.572466],[7.556924,47.572478],[7.557026,47.572523],[7.557028,47.572521],[7.557211,47.572261],[7.557574,47.571746],[7.557888,47.571255],[7.557896,47.571243],[7.557903,47.571231],[7.557911,47.571219],[7.557918,47.571207],[7.557926,47.571194],[7.557934,47.571182],[7.557942,47.57117],[7.55795,47.571158],[7.557958,47.571146],[7.557966,47.571134],[7.557975,47.571122],[7.557983,47.57111],[7.557991,47.571098],[7.558,47.571087],[7.558008,47.571075],[7.558017,47.571063],[7.558025,47.571051],[7.558034,47.571039],[7.558043,47.571027],[7.558052,47.571016],[7.558061,47.571004],[7.55807,47.570992],[7.558079,47.57098],[7.558088,47.570969],[7.558097,47.570957],[7.558106,47.570946],[7.558116,47.570934],[7.558125,47.570922],[7.558135,47.570911],[7.558144,47.570899],[7.558154,47.570888],[7.558163,47.570876],[7.558173,47.570865],[7.558183,47.570854],[7.558193,47.570842],[7.558203,47.570831],[7.558213,47.57082],[7.558223,47.570808],[7.558233,47.570797],[7.558243,47.570786],[7.558254,47.570775],[7.558264,47.570763],[7.558274,47.570752],[7.558285,47.570741],[7.558295,47.57073],[7.558306,47.570719],[7.558317,47.570708],[7.558328,47.570697],[7.558338,47.570686],[7.558349,47.570675],[7.55836,47.570664],[7.558371,47.570653],[7.558382,47.570642],[7.558393,47.570631],[7.558405,47.570621],[7.558416,47.57061],[7.558427,47.570599],[7.558439,47.570588],[7.55845,47.570578],[7.558462,47.570567],[7.558473,47.570556],[7.558485,47.570546],[7.558497,47.570535],[7.558508,47.570525],[7.558522,47.570513],[7.558535,47.5705],[7.558548,47.570488],[7.558562,47.570476],[7.558575,47.570464],[7.558589,47.570453],[7.558603,47.570441],[7.558617,47.570429],[7.558634,47.570414],[7.558652,47.570399],[7.55867,47.570384],[7.558688,47.57037],[7.558706,47.570355],[7.558724,47.57034],[7.558742,47.570326],[7.558761,47.570312],[7.558779,47.570297],[7.558798,47.570283],[7.558817,47.570269],[7.558836,47.570255],[7.558855,47.570241],[7.558874,47.570227],[7.558894,47.570213],[7.558913,47.570199],[7.558933,47.570185],[7.558952,47.570172],[7.558972,47.570158],[7.558992,47.570145],[7.559012,47.570131],[7.559032,47.570118],[7.559053,47.570105],[7.559073,47.570091],[7.559094,47.570078],[7.559114,47.570065],[7.559135,47.570052],[7.559156,47.57004],[7.559177,47.570027],[7.559198,47.570014],[7.559219,47.570002],[7.55924,47.569989],[7.560028,47.569501],[7.560041,47.569492],[7.560055,47.569483],[7.560068,47.569473],[7.560082,47.569464],[7.560095,47.569455],[7.560108,47.569445],[7.560121,47.569436],[7.560134,47.569426],[7.560147,47.569417],[7.56016,47.569407],[7.560173,47.569397],[7.560186,47.569387],[7.560198,47.569378],[7.560211,47.569368],[7.560223,47.569358],[7.560236,47.569348],[7.560254,47.569333],[7.560272,47.569318],[7.56029,47.569303],[7.560307,47.569287],[7.560325,47.569272],[7.560342,47.569257],[7.560359,47.569241],[7.560376,47.569225],[7.561013,47.568749],[7.561622,47.568314],[7.561654,47.568292],[7.562102,47.567989],[7.562739,47.567605],[7.56282,47.567556],[7.563438,47.567186],[7.564056,47.566815],[7.564167,47.566749],[7.564815,47.566355],[7.564835,47.566343],[7.564856,47.566331],[7.564877,47.566319],[7.564897,47.566307],[7.564918,47.566295],[7.564939,47.566283],[7.564959,47.566272],[7.56498,47.56626],[7.565002,47.566248],[7.565024,47.566235],[7.565046,47.566223],[7.565068,47.566211],[7.56509,47.566199],[7.565112,47.566187],[7.565134,47.566175],[7.565156,47.566163],[7.565179,47.566151],[7.565201,47.566139],[7.565223,47.566127],[7.565246,47.566116],[7.565268,47.566104],[7.565291,47.566092],[7.565313,47.566081],[7.565336,47.566069],[7.565359,47.566058],[7.565381,47.566046],[7.565404,47.566035],[7.565427,47.566023],[7.56545,47.566012],[7.565473,47.566],[7.565496,47.565989],[7.565519,47.565978],[7.565542,47.565967],[7.565565,47.565956],[7.565588,47.565945],[7.565611,47.565933],[7.565635,47.565922],[7.565658,47.565912],[7.565681,47.565901],[7.565705,47.56589],[7.565726,47.56588],[7.565747,47.56587],[7.565769,47.56586],[7.56579,47.565851],[7.566378,47.56557],[7.567056,47.565246],[7.567107,47.565221],[7.567984,47.564801],[7.568166,47.564715],[7.569799,47.563933],[7.570026,47.563826],[7.570958,47.563384],[7.571682,47.563041],[7.572376,47.562709],[7.572437,47.562679],[7.573048,47.562384],[7.573637,47.562099],[7.573915,47.561935],[7.573998,47.561653],[7.574167,47.561046],[7.574275,47.560658],[7.57432,47.560498],[7.574414,47.560168],[7.574552,47.559686],[7.574593,47.559536],[7.575068,47.557812],[7.575156,47.557491],[7.575254,47.557132],[7.575023,47.557179],[7.574592,47.557266],[7.574517,47.557281],[7.573833,47.557418],[7.573737,47.557437],[7.573635,47.557458],[7.57328,47.557529],[7.573035,47.55752],[7.572816,47.557511],[7.571273,47.557436],[7.571182,47.557431],[7.571132,47.557429],[7.570727,47.557406],[7.570225,47.557379],[7.570224,47.557379],[7.570214,47.557379],[7.570204,47.557379],[7.570194,47.55738],[7.570184,47.55738],[7.570174,47.55738],[7.570164,47.55738],[7.570154,47.55738],[7.570144,47.55738],[7.570129,47.55738],[7.570114,47.557379],[7.570099,47.557379],[7.570084,47.557378],[7.568758,47.557313],[7.568529,47.557302],[7.568017,47.557277],[7.567288,47.557241],[7.567164,47.557235],[7.566914,47.557223],[7.566515,47.557203],[7.566274,47.557191],[7.56599,47.557178],[7.565931,47.557175],[7.564951,47.557127],[7.56477,47.557118],[7.564754,47.557117]]],"type":"Polygon"},"properties":{"geo_point_2d":{"lon":7.565099568845668,"lat":47.56239377760522},"wov_id":"10","wov_label":"10","wov_name":"Iselin","gemeinde_name":"Basel"}},{"type":"Feature","geometry":{"coordinates":[[[7.573637,47.562099],[7.573048,47.562384],[7.572437,47.562679],[7.572376,47.562709],[7.571682,47.563041],[7.570958,47.563384],[7.570026,47.563826],[7.569799,47.563933],[7.568166,47.564715],[7.567984,47.564801],[7.567107,47.565221],[7.567056,47.565246],[7.566378,47.56557],[7.56579,47.565851],[7.565769,47.56586],[7.565747,47.56587],[7.565726,47.56588],[7.565705,47.56589],[7.565681,47.565901],[7.565658,47.565912],[7.565635,47.565922],[7.565611,47.565933],[7.565588,47.565945],[7.565565,47.565956],[7.565542,47.565967],[7.565519,47.565978],[7.565496,47.565989],[7.565473,47.566],[7.56545,47.566012],[7.565427,47.566023],[7.565404,47.566035],[7.565381,47.566046],[7.565359,47.566058],[7.565336,47.566069],[7.565313,47.566081],[7.565291,47.566092],[7.565268,47.566104],[7.565246,47.566116],[7.565223,47.566127],[7.565201,47.566139],[7.565179,47.566151],[7.565156,47.566163],[7.565134,47.566175],[7.565112,47.566187],[7.56509,47.566199],[7.565068,47.566211],[7.565046,47.566223],[7.565024,47.566235],[7.565002,47.566248],[7.56498,47.56626],[7.564959,47.566272],[7.564939,47.566283],[7.564918,47.566295],[7.564897,47.566307],[7.564877,47.566319],[7.564856,47.566331],[7.564835,47.566343],[7.564815,47.566355],[7.564167,47.566749],[7.564056,47.566815],[7.563438,47.567186],[7.56282,47.567556],[7.562739,47.567605],[7.562102,47.567989],[7.561654,47.568292],[7.561622,47.568314],[7.561013,47.568749],[7.560376,47.569225],[7.560359,47.569241],[7.560342,47.569257],[7.560325,47.569272],[7.560307,47.569287],[7.56029,47.569303],[7.560272,47.569318],[7.560254,47.569333],[7.560236,47.569348],[7.560223,47.569358],[7.560211,47.569368],[7.560198,47.569378],[7.560186,47.569387],[7.560173,47.569397],[7.56016,47.569407],[7.560147,47.569417],[7.560134,47.569426],[7.560121,47.569436],[7.560108,47.569445],[7.560095,47.569455],[7.560082,47.569464],[7.560068,47.569473],[7.560055,47.569483],[7.560041,47.569492],[7.560028,47.569501],[7.55924,47.569989],[7.559219,47.570002],[7.559198,47.570014],[7.559177,47.570027],[7.559156,47.57004],[7.559135,47.570052],[7.559114,47.570065],[7.559094,47.570078],[7.559073,47.570091],[7.559053,47.570105],[7.559032,47.570118],[7.559012,47.570131],[7.558992,47.570145],[7.558972,47.570158],[7.558952,47.570172],[7.558933,47.570185],[7.558913,47.570199],[7.558894,47.570213],[7.558874,47.570227],[7.558855,47.570241],[7.558836,47.570255],[7.558817,47.570269],[7.558798,47.570283],[7.558779,47.570297],[7.558761,47.570312],[7.558742,47.570326],[7.558724,47.57034],[7.558706,47.570355],[7.558688,47.57037],[7.55867,47.570384],[7.558652,47.570399],[7.558634,47.570414],[7.558617,47.570429],[7.558603,47.570441],[7.558589,47.570453],[7.558575,47.570464],[7.558562,47.570476],[7.558548,47.570488],[7.558535,47.5705],[7.558522,47.570513],[7.558508,47.570525],[7.558497,47.570535],[7.558485,47.570546],[7.558473,47.570556],[7.558462,47.570567],[7.55845,47.570578],[7.558439,47.570588],[7.558427,47.570599],[7.558416,47.57061],[7.558405,47.570621],[7.558393,47.570631],[7.558382,47.570642],[7.558371,47.570653],[7.55836,47.570664],[7.558349,47.570675],[7.558338,47.570686],[7.558328,47.570697],[7.558317,47.570708],[7.558306,47.570719],[7.558295,47.57073],[7.558285,47.570741],[7.558274,47.570752],[7.558264,47.570763],[7.558254,47.570775],[7.558243,47.570786],[7.558233,47.570797],[7.558223,47.570808],[7.558213,47.57082],[7.558203,47.570831],[7.558193,47.570842],[7.558183,47.570854],[7.558173,47.570865],[7.558163,47.570876],[7.558154,47.570888],[7.558144,47.570899],[7.558135,47.570911],[7.558125,47.570922],[7.558116,47.570934],[7.558106,47.570946],[7.558097,47.570957],[7.558088,47.570969],[7.558079,47.57098],[7.55807,47.570992],[7.558061,47.571004],[7.558052,47.571016],[7.558043,47.571027],[7.558034,47.571039],[7.558025,47.571051],[7.558017,47.571063],[7.558008,47.571075],[7.558,47.571087],[7.557991,47.571098],[7.557983,47.57111],[7.557975,47.571122],[7.557966,47.571134],[7.557958,47.571146],[7.55795,47.571158],[7.557942,47.57117],[7.557934,47.571182],[7.557926,47.571194],[7.557918,47.571207],[7.557911,47.571219],[7.557903,47.571231],[7.557896,47.571243],[7.557888,47.571255],[7.557574,47.571746],[7.557211,47.572261],[7.557028,47.572521],[7.557026,47.572523],[7.557103,47.572557],[7.557793,47.572858],[7.559464,47.573587],[7.55953,47.573616],[7.560949,47.574237],[7.562195,47.574782],[7.562396,47.57487],[7.562408,47.574876],[7.563822,47.575503],[7.564726,47.575905],[7.565438,47.57622],[7.56649,47.577669],[7.566749,47.577644],[7.567451,47.577575],[7.567688,47.577552],[7.568089,47.577512],[7.569079,47.577415],[7.569937,47.577312],[7.570639,47.577229],[7.571245,47.577156],[7.571615,47.577112],[7.57189,47.577039],[7.572385,47.576907],[7.572457,47.576887],[7.572779,47.576801],[7.572881,47.576774],[7.573022,47.576737],[7.573096,47.576717],[7.573592,47.576584],[7.574682,47.576293],[7.574869,47.576243],[7.575254,47.57614],[7.576403,47.576454],[7.577139,47.576518],[7.578858,47.576669],[7.580746,47.5763],[7.580764,47.576296],[7.581129,47.576224],[7.582773,47.575897],[7.583163,47.575819],[7.583172,47.575704],[7.583214,47.575707],[7.583225,47.575613],[7.58324,47.575605],[7.583347,47.575089],[7.583627,47.573744],[7.583635,47.573708],[7.583642,47.573671],[7.583649,47.573634],[7.583656,47.573598],[7.583661,47.573571],[7.583666,47.573543],[7.58367,47.573516],[7.583675,47.573489],[7.583679,47.573462],[7.583684,47.573434],[7.583688,47.573407],[7.583692,47.57338],[7.583696,47.573352],[7.5837,47.573325],[7.583703,47.573298],[7.583707,47.57327],[7.58371,47.573243],[7.583714,47.573216],[7.583717,47.573188],[7.58372,47.573161],[7.583724,47.573124],[7.583728,47.573088],[7.583731,47.573051],[7.583734,47.573014],[7.583737,47.572978],[7.58374,47.572941],[7.583743,47.572905],[7.583745,47.572868],[7.583747,47.572831],[7.583749,47.572795],[7.583751,47.572758],[7.583753,47.572721],[7.583754,47.572685],[7.583755,47.572648],[7.583756,47.572611],[7.583756,47.572575],[7.583757,47.572538],[7.583757,47.572501],[7.583757,47.572465],[7.583757,47.572428],[7.583756,47.572391],[7.583755,47.572354],[7.583754,47.572318],[7.583753,47.572281],[7.583752,47.572244],[7.58375,47.572208],[7.583748,47.572171],[7.583746,47.572135],[7.583744,47.572098],[7.583742,47.572061],[7.583739,47.572025],[7.583736,47.571988],[7.583733,47.571951],[7.58373,47.571915],[7.583726,47.571878],[7.583722,47.571842],[7.583718,47.571805],[7.583714,47.571768],[7.583709,47.571732],[7.583705,47.571695],[7.5837,47.571659],[7.583695,47.571622],[7.583689,47.571586],[7.583684,47.571549],[7.583678,47.571513],[7.583672,47.571476],[7.583666,47.57144],[7.583659,47.571403],[7.583595,47.571047],[7.583569,47.570901],[7.583531,47.570842],[7.583519,47.570773],[7.583499,47.570664],[7.583471,47.570419],[7.583467,47.570383],[7.58333,47.569188],[7.583346,47.568023],[7.583391,47.567216],[7.582888,47.567012],[7.581944,47.566632],[7.581749,47.566542],[7.581627,47.566486],[7.581194,47.566288],[7.581112,47.566251],[7.579934,47.565747],[7.579782,47.565682],[7.579238,47.565437],[7.579122,47.565385],[7.578259,47.564897],[7.578174,47.564841],[7.578102,47.564794],[7.577579,47.564363],[7.577503,47.564301],[7.576999,47.563886],[7.576936,47.563834],[7.576878,47.563785],[7.576335,47.56334],[7.576249,47.563274],[7.576142,47.563192],[7.575602,47.56284],[7.575084,47.562502],[7.574253,47.561962],[7.574188,47.561917],[7.573915,47.561935],[7.573637,47.562099]]],"type":"Polygon"},"properties":{"geo_point_2d":{"lon":7.572005364240229,"lat":47.57066096875304},"wov_id":"11","wov_label":"11","wov_name":"St. Johann","gemeinde_name":"Basel"}},{"type":"Feature","geometry":{"coordinates":[[[7.59071,47.560532],[7.590637,47.560601],[7.590564,47.56067],[7.589809,47.561359],[7.589134,47.562079],[7.588583,47.56273],[7.588318,47.563044],[7.588561,47.563126],[7.588796,47.563205],[7.590069,47.563632],[7.590155,47.563661],[7.591154,47.563997],[7.591441,47.564093],[7.591442,47.564085],[7.591442,47.564076],[7.591442,47.564067],[7.591443,47.564059],[7.591444,47.56405],[7.591444,47.564042],[7.591445,47.564033],[7.591447,47.564025],[7.591448,47.564016],[7.591449,47.564008],[7.591451,47.564],[7.591453,47.563991],[7.591455,47.563983],[7.591457,47.563974],[7.591459,47.563966],[7.591462,47.563957],[7.591464,47.563949],[7.591467,47.563941],[7.59147,47.563933],[7.591473,47.563924],[7.591476,47.563916],[7.591479,47.563908],[7.591483,47.5639],[7.591487,47.563891],[7.59149,47.563883],[7.591494,47.563875],[7.591498,47.563867],[7.591503,47.563859],[7.591507,47.563851],[7.591511,47.563843],[7.591516,47.563835],[7.591521,47.563827],[7.591716,47.563467],[7.591731,47.563439],[7.591746,47.563412],[7.591762,47.563385],[7.591777,47.563358],[7.591792,47.563331],[7.591808,47.563304],[7.591824,47.563276],[7.59184,47.563249],[7.591855,47.563222],[7.591871,47.563195],[7.591888,47.563168],[7.591904,47.563142],[7.59192,47.563115],[7.591937,47.563088],[7.591953,47.563061],[7.59197,47.563034],[7.592114,47.56308],[7.59246,47.563189],[7.593327,47.563463],[7.59346,47.563505],[7.593519,47.563401],[7.593893,47.562903],[7.593942,47.562837],[7.594103,47.562624],[7.594273,47.562397],[7.594445,47.562176],[7.594455,47.562161],[7.594465,47.562147],[7.594475,47.562132],[7.594485,47.562118],[7.594496,47.562103],[7.594506,47.562089],[7.594517,47.562074],[7.594528,47.56206],[7.594539,47.562046],[7.59455,47.562032],[7.594562,47.562018],[7.594573,47.562003],[7.594585,47.561989],[7.594596,47.561975],[7.594608,47.561961],[7.594609,47.56196],[7.59462,47.561948],[7.594635,47.561931],[7.59465,47.561914],[7.594665,47.561897],[7.59468,47.561881],[7.594696,47.561864],[7.594711,47.561848],[7.594727,47.561831],[7.594743,47.561815],[7.594759,47.561799],[7.594776,47.561783],[7.594793,47.561767],[7.594809,47.561751],[7.594826,47.561735],[7.594844,47.56172],[7.594861,47.561704],[7.594878,47.561688],[7.595464,47.561133],[7.595618,47.560986],[7.595854,47.560761],[7.596587,47.560078],[7.596842,47.559939],[7.597005,47.55985],[7.597927,47.559424],[7.59812,47.559335],[7.598064,47.559148],[7.598061,47.55914],[7.598059,47.559132],[7.598057,47.559123],[7.598055,47.559115],[7.598053,47.559107],[7.598051,47.559098],[7.59805,47.55909],[7.598049,47.559082],[7.598114,47.558894],[7.597641,47.558328],[7.597598,47.558276],[7.597549,47.558212],[7.596822,47.557339],[7.596767,47.557273],[7.596712,47.557207],[7.59514,47.557754],[7.59461,47.557998],[7.593018,47.558836],[7.592487,47.559197],[7.591426,47.559855],[7.59071,47.560532]]],"type":"Polygon"},"properties":{"geo_point_2d":{"lon":7.593364367282254,"lat":47.56072130126924},"wov_id":"12","wov_label":"12","wov_name":"Altstadt Kleinbasel","gemeinde_name":"Basel"}},{"type":"Feature","geometry":{"coordinates":[[[7.597832,47.560545],[7.597344,47.560254],[7.597,47.56005],[7.596842,47.559939],[7.596587,47.560078],[7.595854,47.560761],[7.595618,47.560986],[7.595464,47.561133],[7.594878,47.561688],[7.594861,47.561704],[7.594844,47.56172],[7.594826,47.561735],[7.594809,47.561751],[7.594793,47.561767],[7.594776,47.561783],[7.594759,47.561799],[7.594743,47.561815],[7.594727,47.561831],[7.594711,47.561848],[7.594696,47.561864],[7.59468,47.561881],[7.594665,47.561897],[7.59465,47.561914],[7.594635,47.561931],[7.59462,47.561948],[7.594609,47.56196],[7.594608,47.561961],[7.594596,47.561975],[7.594585,47.561989],[7.594573,47.562003],[7.594562,47.562018],[7.59455,47.562032],[7.594539,47.562046],[7.594528,47.56206],[7.594517,47.562074],[7.594506,47.562089],[7.594496,47.562103],[7.594485,47.562118],[7.594475,47.562132],[7.594465,47.562147],[7.594455,47.562161],[7.594445,47.562176],[7.594273,47.562397],[7.594103,47.562624],[7.593942,47.562837],[7.593893,47.562903],[7.593519,47.563401],[7.59346,47.563505],[7.593327,47.563463],[7.59246,47.563189],[7.592114,47.56308],[7.59197,47.563034],[7.591953,47.563061],[7.591937,47.563088],[7.59192,47.563115],[7.591904,47.563142],[7.591888,47.563168],[7.591871,47.563195],[7.591855,47.563222],[7.59184,47.563249],[7.591824,47.563276],[7.591808,47.563304],[7.591792,47.563331],[7.591777,47.563358],[7.591762,47.563385],[7.591746,47.563412],[7.591731,47.563439],[7.591716,47.563467],[7.591521,47.563827],[7.591516,47.563835],[7.591511,47.563843],[7.591507,47.563851],[7.591503,47.563859],[7.591498,47.563867],[7.591494,47.563875],[7.59149,47.563883],[7.591487,47.563891],[7.591483,47.5639],[7.591479,47.563908],[7.591476,47.563916],[7.591473,47.563924],[7.59147,47.563933],[7.591467,47.563941],[7.591464,47.563949],[7.591462,47.563957],[7.591459,47.563966],[7.591457,47.563974],[7.591455,47.563983],[7.591453,47.563991],[7.591451,47.564],[7.591449,47.564008],[7.591448,47.564016],[7.591447,47.564025],[7.591445,47.564033],[7.591444,47.564042],[7.591444,47.56405],[7.591443,47.564059],[7.591442,47.564067],[7.591442,47.564076],[7.591442,47.564085],[7.591441,47.564093],[7.591441,47.564103],[7.591442,47.564112],[7.591442,47.564122],[7.591443,47.564132],[7.591444,47.564141],[7.591445,47.564151],[7.591446,47.564161],[7.591448,47.56417],[7.591451,47.564185],[7.591454,47.5642],[7.591457,47.564215],[7.59146,47.56423],[7.591462,47.564244],[7.591465,47.564259],[7.591467,47.564274],[7.591469,47.564289],[7.591654,47.564345],[7.592506,47.564601],[7.592618,47.564632],[7.592721,47.564661],[7.593986,47.565036],[7.59406,47.565058],[7.594211,47.565103],[7.59549,47.565482],[7.59555,47.565504],[7.595644,47.565537],[7.597566,47.56611],[7.597725,47.566168],[7.597728,47.56616],[7.597732,47.566152],[7.597736,47.566144],[7.59774,47.566136],[7.597744,47.566128],[7.597748,47.56612],[7.597752,47.566113],[7.597757,47.566105],[7.598379,47.565111],[7.59839,47.565094],[7.598402,47.565077],[7.598413,47.56506],[7.598424,47.565043],[7.598439,47.56502],[7.598454,47.564997],[7.598469,47.564974],[7.598483,47.564951],[7.598498,47.564927],[7.598512,47.564904],[7.598526,47.564881],[7.59854,47.564857],[7.598554,47.564834],[7.598567,47.564811],[7.598581,47.564787],[7.598594,47.564764],[7.598607,47.56474],[7.59862,47.564716],[7.598633,47.564693],[7.598646,47.564669],[7.598658,47.564645],[7.598671,47.564622],[7.598683,47.564598],[7.598695,47.564574],[7.598707,47.56455],[7.598719,47.564526],[7.59873,47.564502],[7.598742,47.564478],[7.598753,47.564454],[7.598764,47.56443],[7.598775,47.564406],[7.598786,47.564382],[7.598797,47.564358],[7.598807,47.564334],[7.598818,47.56431],[7.598828,47.564286],[7.598839,47.564259],[7.59885,47.564233],[7.59886,47.564206],[7.598871,47.56418],[7.599202,47.563643],[7.599296,47.563491],[7.599323,47.563448],[7.599387,47.563347],[7.599896,47.562526],[7.599899,47.562519],[7.599903,47.562513],[7.599906,47.562506],[7.59991,47.562499],[7.599914,47.562493],[7.600131,47.562134],[7.60012,47.562127],[7.6001,47.562115],[7.600081,47.562103],[7.600061,47.56209],[7.600042,47.562078],[7.600023,47.562066],[7.600004,47.562053],[7.599985,47.56204],[7.599966,47.562027],[7.599948,47.562014],[7.59993,47.562001],[7.599912,47.561988],[7.599894,47.561975],[7.599876,47.561961],[7.599657,47.561799],[7.59908,47.561371],[7.598519,47.560955],[7.598407,47.560888],[7.59823,47.560781],[7.597832,47.560545]]],"type":"Polygon"},"properties":{"geo_point_2d":{"lon":7.596306136818601,"lat":47.56324079042452},"wov_id":"13","wov_label":"13","wov_name":"Clara","gemeinde_name":"Basel"}},{"type":"Feature","geometry":{"coordinates":[[[7.602312,47.556827],[7.600718,47.556757],[7.598837,47.556839],[7.597264,47.557032],[7.59684,47.557162],[7.596712,47.557207],[7.596767,47.557273],[7.596822,47.557339],[7.597549,47.558212],[7.597598,47.558276],[7.597641,47.558328],[7.598114,47.558894],[7.598049,47.559082],[7.59805,47.55909],[7.598051,47.559098],[7.598053,47.559107],[7.598055,47.559115],[7.598057,47.559123],[7.598059,47.559132],[7.598061,47.55914],[7.598064,47.559148],[7.59812,47.559335],[7.597927,47.559424],[7.597005,47.55985],[7.596842,47.559939],[7.597,47.56005],[7.597344,47.560254],[7.597832,47.560545],[7.59823,47.560781],[7.598407,47.560888],[7.598519,47.560955],[7.59908,47.561371],[7.599657,47.561799],[7.599876,47.561961],[7.599894,47.561975],[7.599912,47.561988],[7.59993,47.562001],[7.599948,47.562014],[7.599966,47.562027],[7.599985,47.56204],[7.600004,47.562053],[7.600023,47.562066],[7.600042,47.562078],[7.600061,47.56209],[7.600081,47.562103],[7.6001,47.562115],[7.60012,47.562127],[7.600131,47.562134],[7.60014,47.562139],[7.60016,47.562151],[7.60018,47.562162],[7.600313,47.562234],[7.600334,47.562244],[7.600354,47.562254],[7.600375,47.562264],[7.600396,47.562274],[7.600417,47.562284],[7.600438,47.562294],[7.60046,47.562303],[7.600481,47.562313],[7.601182,47.562655],[7.601498,47.562805],[7.602379,47.563192],[7.602723,47.563346],[7.603433,47.563664],[7.603457,47.563674],[7.603481,47.563685],[7.603505,47.563696],[7.603529,47.563706],[7.603553,47.563717],[7.603577,47.563728],[7.6036,47.563739],[7.603624,47.56375],[7.603647,47.563761],[7.603671,47.563772],[7.603694,47.563783],[7.603717,47.563795],[7.603741,47.563806],[7.603764,47.563818],[7.603787,47.563829],[7.60381,47.563841],[7.603833,47.563853],[7.603856,47.563865],[7.603879,47.563877],[7.603902,47.563889],[7.603925,47.563901],[7.603948,47.563914],[7.603971,47.563926],[7.603993,47.563938],[7.604023,47.563955],[7.604053,47.563972],[7.604082,47.563989],[7.604112,47.564006],[7.604141,47.564023],[7.60417,47.56404],[7.604199,47.564058],[7.604228,47.564075],[7.604706,47.564358],[7.60531,47.564701],[7.60546,47.564786],[7.606098,47.565115],[7.606144,47.565138],[7.606189,47.56516],[7.606235,47.565183],[7.606281,47.565205],[7.606327,47.565228],[7.606373,47.56525],[7.606419,47.565272],[7.606465,47.565294],[7.606512,47.565316],[7.606558,47.565338],[7.606605,47.56536],[7.606652,47.565381],[7.606699,47.565403],[7.606746,47.565424],[7.606793,47.565445],[7.60684,47.565466],[7.606887,47.565487],[7.606935,47.565508],[7.606965,47.565521],[7.606995,47.565535],[7.607025,47.565548],[7.607056,47.565561],[7.607086,47.565574],[7.607116,47.565587],[7.607147,47.5656],[7.607177,47.565612],[7.607207,47.565625],[7.607238,47.565638],[7.607269,47.565651],[7.607299,47.565663],[7.60733,47.565676],[7.60736,47.565688],[7.607391,47.565701],[7.607422,47.565713],[7.607587,47.565767],[7.60787,47.565859],[7.607873,47.56586],[7.608118,47.565681],[7.608134,47.56567],[7.60815,47.565659],[7.608166,47.565648],[7.608181,47.565637],[7.608197,47.565626],[7.608212,47.565615],[7.608227,47.565604],[7.608242,47.565592],[7.608257,47.565581],[7.608271,47.565569],[7.608286,47.565558],[7.6083,47.565546],[7.608315,47.565534],[7.608329,47.565522],[7.608343,47.56551],[7.608356,47.565498],[7.60837,47.565486],[7.608383,47.565474],[7.608397,47.565462],[7.60841,47.565449],[7.608423,47.565437],[7.608435,47.565424],[7.608448,47.565412],[7.60846,47.565399],[7.608473,47.565386],[7.608485,47.565373],[7.608497,47.56536],[7.608509,47.565347],[7.60852,47.565334],[7.608532,47.565321],[7.608543,47.565308],[7.608554,47.565295],[7.608599,47.565242],[7.608643,47.565189],[7.608687,47.565135],[7.608731,47.565082],[7.608775,47.565029],[7.608819,47.564976],[7.608863,47.564922],[7.608907,47.564869],[7.60895,47.564815],[7.608994,47.564762],[7.609037,47.564708],[7.60908,47.564655],[7.609123,47.564601],[7.609166,47.564547],[7.609208,47.564493],[7.609251,47.56444],[7.609545,47.564083],[7.609991,47.563513],[7.610314,47.563102],[7.610364,47.563038],[7.610414,47.562975],[7.610464,47.562911],[7.610514,47.562847],[7.610564,47.562783],[7.610615,47.562719],[7.610665,47.562655],[7.610716,47.562592],[7.610752,47.562549],[7.610788,47.562507],[7.610825,47.562465],[7.610861,47.562422],[7.610884,47.562395],[7.610896,47.56238],[7.610932,47.562337],[7.610968,47.562295],[7.611003,47.562252],[7.611039,47.562209],[7.611074,47.562166],[7.611109,47.562124],[7.611144,47.562081],[7.611179,47.562038],[7.611213,47.561995],[7.611248,47.561952],[7.611282,47.561909],[7.611306,47.561883],[7.61133,47.561856],[7.611354,47.56183],[7.611377,47.561804],[7.6114,47.561777],[7.611423,47.56175],[7.611446,47.561724],[7.611469,47.561697],[7.611492,47.56167],[7.611514,47.561644],[7.611536,47.561617],[7.611559,47.56159],[7.611581,47.561563],[7.611602,47.561536],[7.611624,47.561509],[7.611646,47.561481],[7.611667,47.561454],[7.611688,47.561427],[7.611709,47.5614],[7.61173,47.561372],[7.611751,47.561345],[7.611771,47.561317],[7.611792,47.56129],[7.611812,47.561262],[7.611832,47.561234],[7.611852,47.561207],[7.611872,47.561179],[7.611892,47.561151],[7.611911,47.561123],[7.61193,47.561095],[7.611949,47.561067],[7.611968,47.561039],[7.61304,47.559483],[7.613213,47.559226],[7.613226,47.559208],[7.61324,47.55919],[7.613253,47.559172],[7.613267,47.559155],[7.613281,47.559137],[7.613295,47.559119],[7.613309,47.559101],[7.613324,47.559084],[7.613338,47.559066],[7.613353,47.559049],[7.613368,47.559032],[7.613383,47.559014],[7.613398,47.558997],[7.613413,47.55898],[7.613429,47.558963],[7.613445,47.558946],[7.613467,47.558921],[7.61349,47.558896],[7.613513,47.558872],[7.613536,47.558847],[7.613556,47.558825],[7.613576,47.558803],[7.613596,47.55878],[7.613616,47.558758],[7.613624,47.558749],[7.613511,47.558724],[7.613128,47.558639],[7.612945,47.558603],[7.612185,47.558458],[7.610367,47.55811],[7.607868,47.557647],[7.60531,47.557141],[7.604704,47.557021],[7.603724,47.556942],[7.602312,47.556827]]],"type":"Polygon"},"properties":{"geo_point_2d":{"lon":7.605108891107742,"lat":47.560479730687916},"wov_id":"14","wov_label":"14","wov_name":"Wettstein","gemeinde_name":"Basel"}},{"type":"Feature","geometry":{"coordinates":[[[7.61369,47.558764],[7.613624,47.558749],[7.613616,47.558758],[7.613596,47.55878],[7.613576,47.558803],[7.613556,47.558825],[7.613536,47.558847],[7.613513,47.558872],[7.61349,47.558896],[7.613467,47.558921],[7.613445,47.558946],[7.613429,47.558963],[7.613413,47.55898],[7.613398,47.558997],[7.613383,47.559014],[7.613368,47.559032],[7.613353,47.559049],[7.613338,47.559066],[7.613324,47.559084],[7.613309,47.559101],[7.613295,47.559119],[7.613281,47.559137],[7.613267,47.559155],[7.613253,47.559172],[7.61324,47.55919],[7.613226,47.559208],[7.613213,47.559226],[7.61304,47.559483],[7.611968,47.561039],[7.611949,47.561067],[7.61193,47.561095],[7.611911,47.561123],[7.611892,47.561151],[7.611872,47.561179],[7.611852,47.561207],[7.611832,47.561234],[7.611812,47.561262],[7.611792,47.56129],[7.611771,47.561317],[7.611751,47.561345],[7.61173,47.561372],[7.611709,47.5614],[7.611688,47.561427],[7.611667,47.561454],[7.611646,47.561481],[7.611624,47.561509],[7.611602,47.561536],[7.611581,47.561563],[7.611559,47.56159],[7.611536,47.561617],[7.611514,47.561644],[7.611492,47.56167],[7.611469,47.561697],[7.611446,47.561724],[7.611423,47.56175],[7.6114,47.561777],[7.611377,47.561804],[7.611354,47.56183],[7.61133,47.561856],[7.611306,47.561883],[7.611282,47.561909],[7.611248,47.561952],[7.611213,47.561995],[7.611179,47.562038],[7.611144,47.562081],[7.611109,47.562124],[7.611074,47.562166],[7.611039,47.562209],[7.611003,47.562252],[7.610968,47.562295],[7.610932,47.562337],[7.610896,47.56238],[7.610884,47.562395],[7.610861,47.562422],[7.610825,47.562465],[7.610788,47.562507],[7.610752,47.562549],[7.610716,47.562592],[7.610665,47.562655],[7.610615,47.562719],[7.610564,47.562783],[7.610514,47.562847],[7.610464,47.562911],[7.610414,47.562975],[7.610364,47.563038],[7.610314,47.563102],[7.609991,47.563513],[7.609545,47.564083],[7.609251,47.56444],[7.609208,47.564493],[7.609166,47.564547],[7.609123,47.564601],[7.60908,47.564655],[7.609037,47.564708],[7.608994,47.564762],[7.60895,47.564815],[7.608907,47.564869],[7.608863,47.564922],[7.608819,47.564976],[7.608775,47.565029],[7.608731,47.565082],[7.608687,47.565135],[7.608643,47.565189],[7.608599,47.565242],[7.608554,47.565295],[7.608543,47.565308],[7.608532,47.565321],[7.60852,47.565334],[7.608509,47.565347],[7.608497,47.56536],[7.608485,47.565373],[7.608473,47.565386],[7.60846,47.565399],[7.608448,47.565412],[7.608435,47.565424],[7.608423,47.565437],[7.60841,47.565449],[7.608397,47.565462],[7.608383,47.565474],[7.60837,47.565486],[7.608356,47.565498],[7.608343,47.56551],[7.608329,47.565522],[7.608315,47.565534],[7.6083,47.565546],[7.608286,47.565558],[7.608271,47.565569],[7.608257,47.565581],[7.608242,47.565592],[7.608227,47.565604],[7.608212,47.565615],[7.608197,47.565626],[7.608181,47.565637],[7.608166,47.565648],[7.60815,47.565659],[7.608134,47.56567],[7.608118,47.565681],[7.607873,47.56586],[7.60787,47.565859],[7.607587,47.565767],[7.607099,47.566442],[7.607001,47.566577],[7.606093,47.567698],[7.605546,47.568432],[7.605464,47.568542],[7.60512,47.568979],[7.605045,47.569074],[7.604626,47.569626],[7.604549,47.569742],[7.604661,47.569777],[7.604577,47.569883],[7.604575,47.569886],[7.603996,47.570691],[7.603967,47.570732],[7.603938,47.570773],[7.60391,47.570815],[7.603881,47.570856],[7.603853,47.570897],[7.603825,47.570939],[7.603797,47.570981],[7.603769,47.571022],[7.603742,47.571064],[7.603715,47.571106],[7.603688,47.571148],[7.603661,47.571189],[7.603634,47.571231],[7.603608,47.571274],[7.603582,47.571316],[7.603556,47.571358],[7.603546,47.571379],[7.603537,47.5714],[7.603527,47.571421],[7.603517,47.571442],[7.603508,47.571463],[7.603498,47.571484],[7.603488,47.571504],[7.603478,47.571525],[7.603467,47.571546],[7.603457,47.571567],[7.603447,47.571588],[7.603436,47.571609],[7.603426,47.571629],[7.603415,47.57165],[7.603404,47.571671],[7.603393,47.571691],[7.603382,47.571712],[7.603371,47.571733],[7.60336,47.571753],[7.603349,47.571774],[7.603337,47.571794],[7.603326,47.571815],[7.603314,47.571835],[7.603303,47.571856],[7.603291,47.571876],[7.603279,47.571897],[7.603275,47.571903],[7.603266,47.571988],[7.603264,47.572004],[7.603261,47.57202],[7.603259,47.572036],[7.603256,47.572052],[7.603253,47.572068],[7.60325,47.572084],[7.603247,47.5721],[7.603243,47.572116],[7.60324,47.572132],[7.603236,47.572148],[7.603233,47.572164],[7.603229,47.572179],[7.603225,47.572195],[7.603221,47.572211],[7.603217,47.572227],[7.603212,47.572243],[7.60321,47.57225],[7.603209,47.572258],[7.603207,47.572265],[7.603205,47.572273],[7.603202,47.572281],[7.6032,47.572288],[7.603198,47.572296],[7.603195,47.572303],[7.603192,47.572311],[7.60319,47.572318],[7.603187,47.572326],[7.603184,47.572333],[7.603181,47.572341],[7.603178,47.572348],[7.603174,47.572356],[7.603171,47.572363],[7.603168,47.57237],[7.603164,47.572378],[7.60316,47.572385],[7.603156,47.572392],[7.603153,47.572399],[7.603149,47.572407],[7.603144,47.572414],[7.60314,47.572421],[7.603136,47.572428],[7.603132,47.572435],[7.603127,47.572442],[7.603122,47.57245],[7.603118,47.572457],[7.603113,47.572464],[7.603108,47.572471],[7.603103,47.572478],[7.603097,47.572488],[7.603091,47.572498],[7.603085,47.572508],[7.603079,47.572517],[7.603072,47.572527],[7.603066,47.572537],[7.603059,47.572547],[7.603052,47.572557],[7.603045,47.572566],[7.603038,47.572576],[7.603031,47.572585],[7.603023,47.572595],[7.603016,47.572604],[7.603008,47.572614],[7.603,47.572623],[7.602992,47.572632],[7.602731,47.572964],[7.602718,47.57298],[7.602706,47.572995],[7.602694,47.573011],[7.602681,47.573027],[7.602668,47.573042],[7.602655,47.573057],[7.602642,47.573073],[7.602629,47.573088],[7.602616,47.573103],[7.602603,47.573118],[7.602589,47.573134],[7.602575,47.573149],[7.602561,47.573164],[7.602548,47.573179],[7.602533,47.573193],[7.602519,47.573208],[7.6025,47.573223],[7.60248,47.573238],[7.60246,47.573253],[7.60244,47.573268],[7.60242,47.573282],[7.6024,47.573297],[7.602379,47.573311],[7.602359,47.573325],[7.602338,47.573339],[7.602317,47.573353],[7.602296,47.573367],[7.602274,47.573381],[7.602253,47.573395],[7.602231,47.573408],[7.602209,47.573421],[7.602187,47.573435],[7.60214,47.573462],[7.602138,47.573464],[7.602127,47.57348],[7.602116,47.573496],[7.602105,47.573512],[7.602093,47.573527],[7.602081,47.573543],[7.60207,47.573559],[7.602058,47.573575],[7.602046,47.57359],[7.602034,47.573606],[7.602022,47.573622],[7.60201,47.573637],[7.601998,47.573653],[7.601985,47.573669],[7.601973,47.573684],[7.601961,47.5737],[7.601948,47.573715],[7.601935,47.57373],[7.601922,47.573746],[7.60191,47.573761],[7.601897,47.573777],[7.601884,47.573792],[7.601871,47.573807],[7.601857,47.573822],[7.601845,47.573835],[7.601833,47.573849],[7.601821,47.573862],[7.601809,47.573874],[7.601796,47.573887],[7.601784,47.5739],[7.601771,47.573913],[7.601758,47.573925],[7.601744,47.573938],[7.601731,47.57395],[7.601717,47.573963],[7.601704,47.573975],[7.60169,47.573987],[7.601676,47.573999],[7.601661,47.574011],[7.601647,47.574023],[7.601632,47.574035],[7.601618,47.574047],[7.601603,47.574059],[7.601588,47.57407],[7.601573,47.574082],[7.601557,47.574093],[7.601542,47.574104],[7.601526,47.574116],[7.60151,47.574127],[7.601494,47.574138],[7.601478,47.574149],[7.601462,47.574159],[7.601446,47.57417],[7.601429,47.574181],[7.601412,47.574191],[7.601396,47.574202],[7.601383,47.574209],[7.60137,47.574216],[7.601358,47.574224],[7.601345,47.574231],[7.601332,47.574238],[7.601319,47.574245],[7.601306,47.574252],[7.601293,47.574259],[7.601279,47.574265],[7.601266,47.574272],[7.601252,47.574279],[7.601239,47.574285],[7.601225,47.574292],[7.601211,47.574298],[7.601198,47.574304],[7.601184,47.57431],[7.60117,47.574316],[7.601156,47.574322],[7.601141,47.574328],[7.601127,47.574334],[7.601113,47.57434],[7.601098,47.574345],[7.601084,47.574351],[7.601069,47.574356],[7.601055,47.574361],[7.60104,47.574367],[7.601025,47.574372],[7.60101,47.574377],[7.600995,47.574382],[7.60098,47.574386],[7.600965,47.574391],[7.60095,47.574396],[7.600933,47.574401],[7.600926,47.574403],[7.600919,47.574405],[7.600918,47.574409],[7.600916,47.574415],[7.600914,47.574421],[7.600912,47.574426],[7.60091,47.574432],[7.600908,47.574438],[7.600905,47.574443],[7.600903,47.574449],[7.6009,47.574454],[7.600897,47.57446],[7.600894,47.574465],[7.600893,47.574468],[7.600884,47.574487],[7.600779,47.574711],[7.600725,47.574825],[7.600722,47.574831],[7.600719,47.574836],[7.600716,47.574842],[7.600713,47.574847],[7.600709,47.574853],[7.600706,47.574858],[7.600702,47.574863],[7.600698,47.574868],[7.600693,47.574873],[7.600689,47.574878],[7.600684,47.574883],[7.600679,47.574887],[7.600674,47.574892],[7.600669,47.574897],[7.600663,47.574901],[7.600658,47.574906],[7.600664,47.574914],[7.60067,47.574922],[7.600677,47.57493],[7.600683,47.574938],[7.60069,47.574946],[7.600696,47.574954],[7.600703,47.574962],[7.60071,47.57497],[7.600717,47.574978],[7.600724,47.574986],[7.600731,47.574993],[7.600738,47.575001],[7.600746,47.575009],[7.600753,47.575017],[7.600761,47.575024],[7.600768,47.575032],[7.600776,47.57504],[7.600783,47.575047],[7.600791,47.575055],[7.600799,47.575062],[7.600807,47.57507],[7.600815,47.575077],[7.600823,47.575084],[7.600831,47.575092],[7.60084,47.575099],[7.600848,47.575106],[7.600856,47.575114],[7.600865,47.575121],[7.600873,47.575128],[7.600882,47.575135],[7.600891,47.575142],[7.6009,47.575149],[7.600908,47.575156],[7.600917,47.575163],[7.600926,47.57517],[7.600936,47.575177],[7.600945,47.575183],[7.600954,47.57519],[7.600963,47.575197],[7.600973,47.575203],[7.600982,47.57521],[7.600992,47.575217],[7.601001,47.575223],[7.601011,47.57523],[7.601021,47.575236],[7.60103,47.575242],[7.60104,47.575249],[7.60105,47.575255],[7.60106,47.575261],[7.60107,47.575267],[7.60108,47.575273],[7.601091,47.575279],[7.601101,47.575285],[7.601111,47.575291],[7.601122,47.575297],[7.601132,47.575303],[7.601143,47.575309],[7.601153,47.575315],[7.601164,47.575321],[7.601175,47.575326],[7.601185,47.575332],[7.601196,47.575337],[7.601207,47.575343],[7.601218,47.575348],[7.601509,47.575494],[7.601569,47.575525],[7.602191,47.575837],[7.602217,47.57585],[7.602392,47.575939],[7.602399,47.575942],[7.602406,47.575946],[7.602413,47.575949],[7.60242,47.575953],[7.602427,47.575956],[7.602434,47.57596],[7.60244,47.575963],[7.602447,47.575967],[7.602454,47.57597],[7.602461,47.575974],[7.602467,47.575978],[7.602474,47.575981],[7.60248,47.575985],[7.602487,47.575989],[7.602493,47.575993],[7.6025,47.575997],[7.602506,47.576001],[7.602512,47.576005],[7.602519,47.576009],[7.602525,47.576013],[7.602531,47.576017],[7.602537,47.576021],[7.602543,47.576025],[7.602549,47.576029],[7.602555,47.576033],[7.602561,47.576038],[7.602567,47.576042],[7.602572,47.576046],[7.602578,47.576051],[7.602584,47.576055],[7.602589,47.576059],[7.602595,47.576064],[7.602605,47.576072],[7.602614,47.57608],[7.602624,47.576088],[7.602633,47.576097],[7.602642,47.576105],[7.602651,47.576114],[7.60266,47.576122],[7.602669,47.576131],[7.602677,47.57614],[7.602685,47.576149],[7.602693,47.576158],[7.602701,47.576167],[7.602708,47.576176],[7.602716,47.576185],[7.602723,47.576194],[7.60273,47.576204],[7.602736,47.576213],[7.602743,47.576222],[7.602749,47.576232],[7.602755,47.576242],[7.602761,47.576251],[7.602767,47.576261],[7.602772,47.576271],[7.602777,47.576281],[7.602782,47.57629],[7.602787,47.5763],[7.602792,47.57631],[7.602796,47.57632],[7.6028,47.57633],[7.602804,47.576341],[7.602807,47.576351],[7.602811,47.576361],[7.602841,47.576461],[7.602856,47.576547],[7.602937,47.577019],[7.603044,47.577644],[7.603176,47.577633],[7.604889,47.577879],[7.607859,47.578101],[7.609418,47.578186],[7.611276,47.578183],[7.611325,47.578183],[7.611846,47.578177],[7.613211,47.578161],[7.614981,47.577998],[7.616715,47.577685],[7.619142,47.576875],[7.620603,47.577564],[7.622396,47.578361],[7.623958,47.579165],[7.624553,47.579421],[7.624689,47.579307],[7.624985,47.579059],[7.625212,47.578869],[7.625267,47.578823],[7.626118,47.57811],[7.627023,47.577351],[7.623703,47.575537],[7.623649,47.575507],[7.623389,47.575366],[7.620802,47.573414],[7.621177,47.572547],[7.62142,47.571985],[7.621476,47.571856],[7.621507,47.571785],[7.62197,47.570712],[7.622181,47.570397],[7.622208,47.570356],[7.622268,47.570265],[7.622691,47.56963],[7.62335,47.568994],[7.623354,47.568991],[7.623357,47.568988],[7.623361,47.568985],[7.623365,47.568981],[7.623368,47.568978],[7.623372,47.568975],[7.623376,47.568972],[7.62338,47.568969],[7.623384,47.568966],[7.623388,47.568963],[7.623392,47.56896],[7.623397,47.568957],[7.623401,47.568955],[7.623405,47.568952],[7.62341,47.568949],[7.623414,47.568946],[7.623419,47.568944],[7.623423,47.568941],[7.623428,47.568939],[7.623432,47.568936],[7.623437,47.568934],[7.623442,47.568931],[7.623447,47.568929],[7.623452,47.568927],[7.623457,47.568924],[7.623462,47.568922],[7.623467,47.56892],[7.623472,47.568918],[7.623477,47.568916],[7.623482,47.568914],[7.623487,47.568912],[7.623493,47.56891],[7.623498,47.568908],[7.623503,47.568906],[7.623509,47.568905],[7.623514,47.568903],[7.62352,47.568901],[7.623525,47.5689],[7.623531,47.568898],[7.623536,47.568897],[7.623542,47.568895],[7.623548,47.568894],[7.623553,47.568893],[7.623559,47.568891],[7.623565,47.56889],[7.62357,47.568889],[7.623576,47.568888],[7.623582,47.568887],[7.623588,47.568886],[7.623594,47.568885],[7.6236,47.568885],[7.623605,47.568884],[7.623611,47.568883],[7.623617,47.568882],[7.623623,47.568882],[7.623629,47.568881],[7.623635,47.568881],[7.623641,47.568881],[7.623647,47.56888],[7.623653,47.56888],[7.623659,47.56888],[7.623665,47.56888],[7.623671,47.568879],[7.623677,47.568879],[7.623683,47.568879],[7.623689,47.56888],[7.623695,47.56888],[7.623701,47.56888],[7.623707,47.56888],[7.623712,47.568881],[7.623718,47.568881],[7.623724,47.568881],[7.62373,47.568882],[7.623736,47.568882],[7.623742,47.568883],[7.623748,47.568884],[7.623754,47.568885],[7.62376,47.568885],[7.623766,47.568886],[7.623771,47.568887],[7.623777,47.568888],[7.623783,47.568889],[7.623789,47.56889],[7.623794,47.568891],[7.6238,47.568893],[7.623806,47.568894],[7.623811,47.568895],[7.623817,47.568897],[7.623823,47.568898],[7.623828,47.5689],[7.623834,47.568901],[7.623839,47.568903],[7.623845,47.568904],[7.62385,47.568906],[7.623855,47.568908],[7.623861,47.56891],[7.623866,47.568912],[7.623871,47.568914],[7.623876,47.568916],[7.623882,47.568918],[7.623887,47.56892],[7.623892,47.568922],[7.623897,47.568924],[7.623902,47.568926],[7.623907,47.568929],[7.623911,47.568931],[7.623916,47.568934],[7.623921,47.568936],[7.623926,47.568938],[7.62393,47.568941],[7.623935,47.568944],[7.623939,47.568946],[7.623944,47.568949],[7.623948,47.568952],[7.623953,47.568954],[7.623957,47.568957],[7.623961,47.56896],[7.623965,47.568963],[7.623969,47.568966],[7.623973,47.568969],[7.623977,47.568972],[7.623981,47.568975],[7.623985,47.568978],[7.623989,47.568981],[7.623992,47.568984],[7.623996,47.568988],[7.624,47.568991],[7.624003,47.568994],[7.624541,47.569513],[7.624636,47.569605],[7.624974,47.569931],[7.625734,47.569197],[7.625503,47.569088],[7.625602,47.568992],[7.625702,47.568896],[7.626207,47.568408],[7.627929,47.566746],[7.627959,47.566717],[7.627985,47.566692],[7.627994,47.566684],[7.628252,47.566434],[7.6288,47.56669],[7.629348,47.566945],[7.629938,47.567229],[7.630432,47.567476],[7.630958,47.567746],[7.631153,47.567849],[7.631219,47.567883],[7.631349,47.567952],[7.631597,47.567739],[7.634149,47.56555],[7.633876,47.564839],[7.633858,47.564792],[7.633756,47.564524],[7.633727,47.564449],[7.633043,47.562664],[7.633036,47.562645],[7.632997,47.562543],[7.632909,47.562314],[7.62864,47.562561],[7.625315,47.561667],[7.62066,47.560326],[7.61667,47.559387],[7.616006,47.55928],[7.614012,47.558836],[7.613961,47.558824],[7.613882,47.558807],[7.61369,47.558764]]],"type":"Polygon"},"properties":{"geo_point_2d":{"lon":7.616380856825548,"lat":47.56924906001061},"wov_id":"15","wov_label":"15","wov_name":"Hirzbrunnen","gemeinde_name":"Basel"}},{"type":"Feature","geometry":{"coordinates":[[[7.600313,47.562234],[7.60018,47.562162],[7.60016,47.562151],[7.60014,47.562139],[7.600131,47.562134],[7.599914,47.562493],[7.59991,47.562499],[7.599906,47.562506],[7.599903,47.562513],[7.599899,47.562519],[7.599896,47.562526],[7.599387,47.563347],[7.599323,47.563448],[7.599296,47.563491],[7.599202,47.563643],[7.598871,47.56418],[7.59886,47.564206],[7.59885,47.564233],[7.598839,47.564259],[7.598828,47.564286],[7.598818,47.56431],[7.598807,47.564334],[7.598797,47.564358],[7.598786,47.564382],[7.598775,47.564406],[7.598764,47.56443],[7.598753,47.564454],[7.598742,47.564478],[7.59873,47.564502],[7.598719,47.564526],[7.598707,47.56455],[7.598695,47.564574],[7.598683,47.564598],[7.598671,47.564622],[7.598658,47.564645],[7.598646,47.564669],[7.598633,47.564693],[7.59862,47.564716],[7.598607,47.56474],[7.598594,47.564764],[7.598581,47.564787],[7.598567,47.564811],[7.598554,47.564834],[7.59854,47.564857],[7.598526,47.564881],[7.598512,47.564904],[7.598498,47.564927],[7.598483,47.564951],[7.598469,47.564974],[7.598454,47.564997],[7.598439,47.56502],[7.598424,47.565043],[7.598413,47.56506],[7.598402,47.565077],[7.59839,47.565094],[7.598379,47.565111],[7.597757,47.566105],[7.597752,47.566113],[7.597748,47.56612],[7.597744,47.566128],[7.59774,47.566136],[7.597736,47.566144],[7.597732,47.566152],[7.597728,47.56616],[7.597725,47.566168],[7.597721,47.566177],[7.597717,47.566186],[7.597714,47.566195],[7.59771,47.566204],[7.597707,47.566213],[7.597704,47.566222],[7.597701,47.566231],[7.597699,47.566241],[7.597649,47.566669],[7.597647,47.566688],[7.597581,47.567275],[7.597576,47.567422],[7.597571,47.567559],[7.597553,47.568162],[7.597546,47.568426],[7.597551,47.568519],[7.597609,47.569492],[7.597629,47.569834],[7.597629,47.569846],[7.597663,47.570441],[7.597841,47.57138],[7.597917,47.571787],[7.59792,47.571796],[7.597923,47.571805],[7.597926,47.571815],[7.597929,47.571824],[7.597932,47.571834],[7.597936,47.571843],[7.59794,47.571852],[7.597944,47.571861],[7.597948,47.571871],[7.597952,47.57188],[7.597957,47.571889],[7.597962,47.571898],[7.597967,47.571907],[7.597972,47.571916],[7.597978,47.571925],[7.597983,47.571934],[7.597989,47.571943],[7.597994,47.571953],[7.597999,47.571962],[7.598003,47.571972],[7.598007,47.571982],[7.598011,47.571991],[7.598015,47.572001],[7.598018,47.572011],[7.598022,47.572021],[7.598025,47.57203],[7.598028,47.57204],[7.598031,47.57205],[7.598033,47.57206],[7.598036,47.57207],[7.598038,47.57208],[7.59804,47.57209],[7.598042,47.5721],[7.598268,47.573314],[7.598271,47.573324],[7.598273,47.573333],[7.598276,47.573342],[7.598279,47.573352],[7.598282,47.573361],[7.598286,47.57337],[7.59829,47.57338],[7.598294,47.573389],[7.598298,47.573398],[7.598302,47.573407],[7.598306,47.573416],[7.598311,47.573425],[7.598316,47.573434],[7.598321,47.573443],[7.598327,47.573452],[7.598332,47.573461],[7.598416,47.573577],[7.598409,47.573579],[7.598402,47.573582],[7.598395,47.573585],[7.598388,47.573588],[7.598382,47.573591],[7.598376,47.573594],[7.598369,47.573598],[7.598363,47.573602],[7.598357,47.573605],[7.598352,47.573609],[7.598346,47.573613],[7.598341,47.573617],[7.598336,47.573621],[7.598331,47.573626],[7.598326,47.57363],[7.598321,47.573635],[7.598317,47.573639],[7.598313,47.573644],[7.598309,47.573649],[7.598305,47.573654],[7.598302,47.573659],[7.598298,47.573664],[7.598295,47.573669],[7.598293,47.573674],[7.598179,47.573884],[7.59818,47.573885],[7.598182,47.573887],[7.598183,47.573889],[7.598184,47.573891],[7.598185,47.573893],[7.598186,47.573895],[7.598187,47.573897],[7.598188,47.5739],[7.598188,47.573902],[7.598189,47.573904],[7.598189,47.573906],[7.598189,47.573908],[7.598189,47.573911],[7.598189,47.573913],[7.598189,47.573915],[7.598189,47.573917],[7.598188,47.57392],[7.598188,47.573922],[7.598187,47.573924],[7.598186,47.573926],[7.598185,47.573928],[7.598184,47.57393],[7.598181,47.573936],[7.598177,47.573941],[7.598174,47.573947],[7.598171,47.573952],[7.598168,47.573958],[7.598165,47.573963],[7.598162,47.573969],[7.59816,47.573975],[7.598157,47.57398],[7.598155,47.573986],[7.598153,47.573992],[7.598151,47.573997],[7.598148,47.574003],[7.598147,47.574009],[7.598145,47.574015],[7.598143,47.57402],[7.598142,47.574026],[7.59814,47.574032],[7.598139,47.574038],[7.598138,47.574044],[7.598137,47.574049],[7.598136,47.574055],[7.598135,47.574061],[7.598134,47.574067],[7.598134,47.574073],[7.598133,47.574079],[7.598133,47.574085],[7.598133,47.57409],[7.598133,47.574096],[7.598133,47.574102],[7.598133,47.574108],[7.598133,47.574114],[7.598193,47.574334],[7.598199,47.574361],[7.59821,47.574409],[7.598257,47.57461],[7.59826,47.57461],[7.598265,47.57461],[7.598269,47.57461],[7.598274,47.574609],[7.598278,47.574609],[7.598283,47.574609],[7.598287,47.574609],[7.598292,47.574609],[7.598296,47.574609],[7.598301,47.574609],[7.598305,47.574609],[7.59831,47.574609],[7.598314,47.574609],[7.598319,47.574609],[7.598323,47.574609],[7.598327,47.574609],[7.598332,47.574609],[7.598336,47.574609],[7.598341,47.574609],[7.598345,47.574609],[7.59835,47.574609],[7.598354,47.574609],[7.598359,47.574609],[7.598363,47.574609],[7.598368,47.574609],[7.598372,47.574609],[7.598377,47.574609],[7.598381,47.574609],[7.598386,47.574609],[7.59839,47.574609],[7.598395,47.574609],[7.598399,47.574609],[7.598404,47.574609],[7.598408,47.574609],[7.598413,47.574609],[7.598417,47.574609],[7.598422,47.57461],[7.598426,47.57461],[7.598431,47.57461],[7.598435,47.57461],[7.59844,47.57461],[7.598444,47.57461],[7.598449,47.57461],[7.598453,47.574611],[7.598457,47.574611],[7.598462,47.574611],[7.600284,47.574683],[7.600294,47.574684],[7.600304,47.574684],[7.600314,47.574684],[7.600324,47.574685],[7.600335,47.574685],[7.600345,47.574686],[7.600355,47.574686],[7.600365,47.574687],[7.600375,47.574687],[7.600385,47.574688],[7.600395,47.574688],[7.600405,47.574688],[7.600415,47.574689],[7.600425,47.574689],[7.600435,47.57469],[7.600445,47.57469],[7.600455,47.574691],[7.600465,47.574691],[7.600476,47.574692],[7.600486,47.574693],[7.600496,47.574693],[7.600506,47.574694],[7.600516,47.574694],[7.600526,47.574695],[7.600536,47.574695],[7.600546,47.574696],[7.600556,47.574696],[7.600566,47.574697],[7.600576,47.574698],[7.600586,47.574698],[7.600596,47.574699],[7.600606,47.574699],[7.600616,47.5747],[7.600626,47.574701],[7.600637,47.574701],[7.600647,47.574702],[7.600657,47.574703],[7.600667,47.574703],[7.600677,47.574704],[7.600687,47.574705],[7.600697,47.574705],[7.600707,47.574706],[7.600717,47.574707],[7.600727,47.574707],[7.600737,47.574708],[7.600747,47.574709],[7.600757,47.574709],[7.600767,47.57471],[7.600777,47.574711],[7.600779,47.574711],[7.600884,47.574487],[7.600893,47.574468],[7.600894,47.574465],[7.600897,47.57446],[7.6009,47.574454],[7.600903,47.574449],[7.600905,47.574443],[7.600908,47.574438],[7.60091,47.574432],[7.600912,47.574426],[7.600914,47.574421],[7.600916,47.574415],[7.600918,47.574409],[7.600919,47.574405],[7.600926,47.574403],[7.600933,47.574401],[7.60095,47.574396],[7.600965,47.574391],[7.60098,47.574386],[7.600995,47.574382],[7.60101,47.574377],[7.601025,47.574372],[7.60104,47.574367],[7.601055,47.574361],[7.601069,47.574356],[7.601084,47.574351],[7.601098,47.574345],[7.601113,47.57434],[7.601127,47.574334],[7.601141,47.574328],[7.601156,47.574322],[7.60117,47.574316],[7.601184,47.57431],[7.601198,47.574304],[7.601211,47.574298],[7.601225,47.574292],[7.601239,47.574285],[7.601252,47.574279],[7.601266,47.574272],[7.601279,47.574265],[7.601293,47.574259],[7.601306,47.574252],[7.601319,47.574245],[7.601332,47.574238],[7.601345,47.574231],[7.601358,47.574224],[7.60137,47.574216],[7.601383,47.574209],[7.601396,47.574202],[7.601412,47.574191],[7.601429,47.574181],[7.601446,47.57417],[7.601462,47.574159],[7.601478,47.574149],[7.601494,47.574138],[7.60151,47.574127],[7.601526,47.574116],[7.601542,47.574104],[7.601557,47.574093],[7.601573,47.574082],[7.601588,47.57407],[7.601603,47.574059],[7.601618,47.574047],[7.601632,47.574035],[7.601647,47.574023],[7.601661,47.574011],[7.601676,47.573999],[7.60169,47.573987],[7.601704,47.573975],[7.601717,47.573963],[7.601731,47.57395],[7.601744,47.573938],[7.601758,47.573925],[7.601771,47.573913],[7.601784,47.5739],[7.601796,47.573887],[7.601809,47.573874],[7.601821,47.573862],[7.601833,47.573849],[7.601845,47.573835],[7.601857,47.573822],[7.601871,47.573807],[7.601884,47.573792],[7.601897,47.573777],[7.60191,47.573761],[7.601922,47.573746],[7.601935,47.57373],[7.601948,47.573715],[7.601961,47.5737],[7.601973,47.573684],[7.601985,47.573669],[7.601998,47.573653],[7.60201,47.573637],[7.602022,47.573622],[7.602034,47.573606],[7.602046,47.57359],[7.602058,47.573575],[7.60207,47.573559],[7.602081,47.573543],[7.602093,47.573527],[7.602105,47.573512],[7.602116,47.573496],[7.602127,47.57348],[7.602138,47.573464],[7.60214,47.573462],[7.602187,47.573435],[7.602209,47.573421],[7.602231,47.573408],[7.602253,47.573395],[7.602274,47.573381],[7.602296,47.573367],[7.602317,47.573353],[7.602338,47.573339],[7.602359,47.573325],[7.602379,47.573311],[7.6024,47.573297],[7.60242,47.573282],[7.60244,47.573268],[7.60246,47.573253],[7.60248,47.573238],[7.6025,47.573223],[7.602519,47.573208],[7.602533,47.573193],[7.602548,47.573179],[7.602561,47.573164],[7.602575,47.573149],[7.602589,47.573134],[7.602603,47.573118],[7.602616,47.573103],[7.602629,47.573088],[7.602642,47.573073],[7.602655,47.573057],[7.602668,47.573042],[7.602681,47.573027],[7.602694,47.573011],[7.602706,47.572995],[7.602718,47.57298],[7.602731,47.572964],[7.602992,47.572632],[7.603,47.572623],[7.603008,47.572614],[7.603016,47.572604],[7.603023,47.572595],[7.603031,47.572585],[7.603038,47.572576],[7.603045,47.572566],[7.603052,47.572557],[7.603059,47.572547],[7.603066,47.572537],[7.603072,47.572527],[7.603079,47.572517],[7.603085,47.572508],[7.603091,47.572498],[7.603097,47.572488],[7.603103,47.572478],[7.603108,47.572471],[7.603113,47.572464],[7.603118,47.572457],[7.603122,47.57245],[7.603127,47.572442],[7.603132,47.572435],[7.603136,47.572428],[7.60314,47.572421],[7.603144,47.572414],[7.603149,47.572407],[7.603153,47.572399],[7.603156,47.572392],[7.60316,47.572385],[7.603164,47.572378],[7.603168,47.57237],[7.603171,47.572363],[7.603174,47.572356],[7.603178,47.572348],[7.603181,47.572341],[7.603184,47.572333],[7.603187,47.572326],[7.60319,47.572318],[7.603192,47.572311],[7.603195,47.572303],[7.603198,47.572296],[7.6032,47.572288],[7.603202,47.572281],[7.603205,47.572273],[7.603207,47.572265],[7.603209,47.572258],[7.60321,47.57225],[7.603212,47.572243],[7.603217,47.572227],[7.603221,47.572211],[7.603225,47.572195],[7.603229,47.572179],[7.603233,47.572164],[7.603236,47.572148],[7.60324,47.572132],[7.603243,47.572116],[7.603247,47.5721],[7.60325,47.572084],[7.603253,47.572068],[7.603256,47.572052],[7.603259,47.572036],[7.603261,47.57202],[7.603264,47.572004],[7.603266,47.571988],[7.603275,47.571903],[7.603279,47.571897],[7.603291,47.571876],[7.603303,47.571856],[7.603314,47.571835],[7.603326,47.571815],[7.603337,47.571794],[7.603349,47.571774],[7.60336,47.571753],[7.603371,47.571733],[7.603382,47.571712],[7.603393,47.571691],[7.603404,47.571671],[7.603415,47.57165],[7.603426,47.571629],[7.603436,47.571609],[7.603447,47.571588],[7.603457,47.571567],[7.603467,47.571546],[7.603478,47.571525],[7.603488,47.571504],[7.603498,47.571484],[7.603508,47.571463],[7.603517,47.571442],[7.603527,47.571421],[7.603537,47.5714],[7.603546,47.571379],[7.603556,47.571358],[7.603582,47.571316],[7.603608,47.571274],[7.603634,47.571231],[7.603661,47.571189],[7.603688,47.571148],[7.603715,47.571106],[7.603742,47.571064],[7.603769,47.571022],[7.603797,47.570981],[7.603825,47.570939],[7.603853,47.570897],[7.603881,47.570856],[7.60391,47.570815],[7.603938,47.570773],[7.603967,47.570732],[7.603996,47.570691],[7.604575,47.569886],[7.604577,47.569883],[7.604661,47.569777],[7.604549,47.569742],[7.604626,47.569626],[7.605045,47.569074],[7.60512,47.568979],[7.605464,47.568542],[7.605546,47.568432],[7.606093,47.567698],[7.607001,47.566577],[7.607099,47.566442],[7.607587,47.565767],[7.607422,47.565713],[7.607391,47.565701],[7.60736,47.565688],[7.60733,47.565676],[7.607299,47.565663],[7.607269,47.565651],[7.607238,47.565638],[7.607207,47.565625],[7.607177,47.565612],[7.607147,47.5656],[7.607116,47.565587],[7.607086,47.565574],[7.607056,47.565561],[7.607025,47.565548],[7.606995,47.565535],[7.606965,47.565521],[7.606935,47.565508],[7.606887,47.565487],[7.60684,47.565466],[7.606793,47.565445],[7.606746,47.565424],[7.606699,47.565403],[7.606652,47.565381],[7.606605,47.56536],[7.606558,47.565338],[7.606512,47.565316],[7.606465,47.565294],[7.606419,47.565272],[7.606373,47.56525],[7.606327,47.565228],[7.606281,47.565205],[7.606235,47.565183],[7.606189,47.56516],[7.606144,47.565138],[7.606098,47.565115],[7.60546,47.564786],[7.60531,47.564701],[7.604706,47.564358],[7.604228,47.564075],[7.604199,47.564058],[7.60417,47.56404],[7.604141,47.564023],[7.604112,47.564006],[7.604082,47.563989],[7.604053,47.563972],[7.604023,47.563955],[7.603993,47.563938],[7.603971,47.563926],[7.603948,47.563914],[7.603925,47.563901],[7.603902,47.563889],[7.603879,47.563877],[7.603856,47.563865],[7.603833,47.563853],[7.60381,47.563841],[7.603787,47.563829],[7.603764,47.563818],[7.603741,47.563806],[7.603717,47.563795],[7.603694,47.563783],[7.603671,47.563772],[7.603647,47.563761],[7.603624,47.56375],[7.6036,47.563739],[7.603577,47.563728],[7.603553,47.563717],[7.603529,47.563706],[7.603505,47.563696],[7.603481,47.563685],[7.603457,47.563674],[7.603433,47.563664],[7.602723,47.563346],[7.602379,47.563192],[7.601498,47.562805],[7.601182,47.562655],[7.600481,47.562313],[7.60046,47.562303],[7.600438,47.562294],[7.600417,47.562284],[7.600396,47.562274],[7.600375,47.562264],[7.600354,47.562254],[7.600334,47.562244],[7.600313,47.562234]]],"type":"Polygon"},"properties":{"geo_point_2d":{"lon":7.601468340171936,"lat":47.568295448855054},"wov_id":"16","wov_label":"16","wov_name":"Rosental","gemeinde_name":"Basel"}},{"type":"Feature","geometry":{"coordinates":[[[7.593986,47.565036],[7.592721,47.564661],[7.592618,47.564632],[7.592506,47.564601],[7.591654,47.564345],[7.591469,47.564289],[7.591467,47.564274],[7.591465,47.564259],[7.591462,47.564244],[7.59146,47.56423],[7.591457,47.564215],[7.591454,47.5642],[7.591451,47.564185],[7.591448,47.56417],[7.591446,47.564161],[7.591445,47.564151],[7.591444,47.564141],[7.591443,47.564132],[7.591442,47.564122],[7.591442,47.564112],[7.591441,47.564103],[7.591441,47.564093],[7.591154,47.563997],[7.590155,47.563661],[7.590069,47.563632],[7.588796,47.563205],[7.588561,47.563126],[7.588318,47.563044],[7.58822,47.563159],[7.587525,47.564168],[7.587162,47.56478],[7.586969,47.565209],[7.586938,47.565286],[7.586924,47.565323],[7.586595,47.56604],[7.586268,47.567223],[7.586135,47.568378],[7.586138,47.569278],[7.58626,47.57015],[7.5863,47.570379],[7.586364,47.570378],[7.586376,47.570446],[7.586427,47.570739],[7.586739,47.570736],[7.588614,47.570707],[7.590174,47.570715],[7.59042,47.57072],[7.590478,47.570721],[7.590536,47.570722],[7.590595,47.570723],[7.590653,47.570724],[7.590711,47.570725],[7.590769,47.570725],[7.590827,47.570726],[7.590885,47.570726],[7.590943,47.570727],[7.591001,47.570727],[7.591059,47.570727],[7.591117,47.570727],[7.591176,47.570727],[7.591234,47.570727],[7.591292,47.570727],[7.59135,47.570727],[7.591408,47.570727],[7.591466,47.570726],[7.591524,47.570726],[7.591582,47.570725],[7.59164,47.570724],[7.591699,47.570723],[7.591757,47.570723],[7.591815,47.570722],[7.591873,47.57072],[7.591931,47.570719],[7.591989,47.570718],[7.592047,47.570717],[7.592105,47.570715],[7.592163,47.570714],[7.592221,47.570712],[7.592279,47.57071],[7.592347,47.570708],[7.592416,47.570706],[7.593558,47.570697],[7.594894,47.570682],[7.594907,47.570682],[7.594921,47.570681],[7.594935,47.57068],[7.594949,47.570679],[7.594963,47.570678],[7.594976,47.570676],[7.59499,47.570675],[7.595004,47.570673],[7.595018,47.570671],[7.595031,47.570669],[7.595045,47.570667],[7.595058,47.570665],[7.595072,47.570663],[7.595085,47.570661],[7.595099,47.570658],[7.595112,47.570655],[7.595103,47.570784],[7.595111,47.571048],[7.595107,47.571088],[7.595328,47.571172],[7.595698,47.571314],[7.596487,47.571614],[7.596604,47.571659],[7.596885,47.571766],[7.597393,47.571945],[7.597398,47.571947],[7.597404,47.571949],[7.59741,47.571951],[7.597416,47.571953],[7.597422,47.571955],[7.597428,47.571956],[7.597434,47.571958],[7.59744,47.571959],[7.597446,47.571961],[7.597452,47.571962],[7.597458,47.571964],[7.597464,47.571965],[7.59747,47.571966],[7.597477,47.571967],[7.597483,47.571968],[7.597489,47.571969],[7.597495,47.57197],[7.597502,47.571971],[7.597508,47.571972],[7.597514,47.571973],[7.597521,47.571974],[7.597527,47.571974],[7.597533,47.571975],[7.59754,47.571975],[7.597546,47.571976],[7.597553,47.571976],[7.597559,47.571976],[7.597565,47.571977],[7.597572,47.571977],[7.597578,47.571977],[7.597585,47.571977],[7.597591,47.571977],[7.597603,47.571977],[7.597615,47.571977],[7.597627,47.571977],[7.597639,47.571976],[7.597651,47.571976],[7.597663,47.571975],[7.597675,47.571975],[7.597687,47.571974],[7.597699,47.571973],[7.597711,47.571972],[7.597723,47.571971],[7.597735,47.57197],[7.597747,47.571968],[7.597759,47.571967],[7.597771,47.571965],[7.597783,47.571964],[7.597983,47.571934],[7.597978,47.571925],[7.597972,47.571916],[7.597967,47.571907],[7.597962,47.571898],[7.597957,47.571889],[7.597952,47.57188],[7.597948,47.571871],[7.597944,47.571861],[7.59794,47.571852],[7.597936,47.571843],[7.597932,47.571834],[7.597929,47.571824],[7.597926,47.571815],[7.597923,47.571805],[7.59792,47.571796],[7.597917,47.571787],[7.597841,47.57138],[7.597663,47.570441],[7.597629,47.569846],[7.597629,47.569834],[7.597609,47.569492],[7.597551,47.568519],[7.597546,47.568426],[7.597553,47.568162],[7.597571,47.567559],[7.597576,47.567422],[7.597581,47.567275],[7.597647,47.566688],[7.597649,47.566669],[7.597699,47.566241],[7.597701,47.566231],[7.597704,47.566222],[7.597707,47.566213],[7.59771,47.566204],[7.597714,47.566195],[7.597717,47.566186],[7.597721,47.566177],[7.597725,47.566168],[7.597566,47.56611],[7.595644,47.565537],[7.59555,47.565504],[7.59549,47.565482],[7.594211,47.565103],[7.59406,47.565058],[7.593986,47.565036]]],"type":"Polygon"},"properties":{"geo_point_2d":{"lon":7.591795889398983,"lat":47.567738485174864},"wov_id":"17","wov_label":"17","wov_name":"Matth\u00e4us","gemeinde_name":"Basel"}},{"type":"Feature","geometry":{"coordinates":[[[7.585961,47.576492],[7.585945,47.576574],[7.585943,47.576585],[7.585935,47.576628],[7.585928,47.576671],[7.58592,47.576714],[7.585913,47.576757],[7.585906,47.5768],[7.585899,47.576843],[7.585892,47.576886],[7.585885,47.576929],[7.585877,47.576996],[7.585875,47.577003],[7.585871,47.577037],[7.585866,47.577071],[7.585862,47.577105],[7.585858,47.577139],[7.585853,47.577173],[7.585849,47.577207],[7.585845,47.577241],[7.585841,47.577276],[7.585839,47.577286],[7.585834,47.577339],[7.585829,47.577392],[7.585826,47.577426],[7.585823,47.577447],[7.585821,47.577473],[7.585819,47.5775],[7.585817,47.577526],[7.585814,47.577553],[7.585812,47.577579],[7.58581,47.577605],[7.585808,47.577632],[7.585807,47.577658],[7.585805,47.577685],[7.585803,47.577711],[7.585801,47.577738],[7.5858,47.577764],[7.585798,47.57779],[7.585797,47.577817],[7.585795,47.577843],[7.585794,47.57787],[7.585794,47.577879],[7.585793,47.577904],[7.585791,47.577928],[7.58579,47.577953],[7.585789,47.577978],[7.585789,47.577989],[7.585788,47.578035],[7.585786,47.578081],[7.585785,47.578128],[7.585785,47.578174],[7.585784,47.57822],[7.585784,47.578267],[7.585783,47.578313],[7.585783,47.578359],[7.585783,47.578368],[7.585784,47.578448],[7.585783,47.578459],[7.585786,47.578556],[7.585789,47.578653],[7.58567,47.578745],[7.585696,47.578977],[7.58572,47.579197],[7.585739,47.579208],[7.585825,47.579258],[7.585833,47.579332],[7.58584,47.579406],[7.585848,47.57948],[7.585857,47.579554],[7.585859,47.579565],[7.585863,47.579599],[7.585868,47.579634],[7.585872,47.579669],[7.585877,47.579704],[7.585803,47.57976],[7.585783,47.579775],[7.585793,47.579872],[7.58583,47.58023],[7.585849,47.58024],[7.585966,47.580307],[7.585971,47.580333],[7.585973,47.580344],[7.585979,47.580371],[7.585989,47.580421],[7.586006,47.580494],[7.586008,47.580501],[7.586013,47.580527],[7.586019,47.580554],[7.586025,47.58058],[7.586031,47.580606],[7.586037,47.580632],[7.586043,47.580658],[7.58605,47.580684],[7.586056,47.580711],[7.586059,47.580725],[7.58607,47.580769],[7.586074,47.580784],[7.586078,47.580799],[7.586081,47.580815],[7.586085,47.58083],[7.586089,47.580845],[7.586094,47.58086],[7.586098,47.580875],[7.586102,47.58089],[7.58611,47.580924],[7.586115,47.58094],[7.586153,47.581079],[7.586155,47.581087],[7.586168,47.58113],[7.586187,47.581197],[7.586206,47.581259],[7.586216,47.581287],[7.586216,47.581292],[7.586217,47.581298],[7.586262,47.581447],[7.586263,47.581448],[7.586267,47.581454],[7.586315,47.581448],[7.586337,47.581521],[7.586346,47.581547],[7.586372,47.581627],[7.586389,47.581685],[7.586408,47.581819],[7.58644,47.581903],[7.586464,47.581964],[7.586458,47.581965],[7.586472,47.582001],[7.586477,47.582],[7.586585,47.582282],[7.586589,47.582293],[7.586664,47.582473],[7.586666,47.582478],[7.586668,47.582482],[7.586671,47.582487],[7.586673,47.582491],[7.586676,47.582496],[7.586679,47.5825],[7.586681,47.582504],[7.586684,47.582509],[7.586687,47.582513],[7.58669,47.582517],[7.586694,47.582521],[7.586697,47.582526],[7.5867,47.58253],[7.586704,47.582534],[7.586707,47.582538],[7.586711,47.582542],[7.586715,47.582546],[7.586718,47.58255],[7.586722,47.582553],[7.586727,47.582557],[7.586731,47.582561],[7.586736,47.582564],[7.58674,47.582567],[7.586745,47.58257],[7.58675,47.582573],[7.586755,47.582576],[7.586761,47.582579],[7.586766,47.582582],[7.586772,47.582584],[7.586778,47.582587],[7.586783,47.582589],[7.586789,47.582591],[7.586796,47.582593],[7.586803,47.582596],[7.58681,47.582598],[7.586817,47.5826],[7.586821,47.582601],[7.586826,47.582602],[7.58683,47.582603],[7.586835,47.582604],[7.586839,47.582605],[7.586844,47.582605],[7.586848,47.582606],[7.586853,47.582607],[7.586857,47.582607],[7.586862,47.582608],[7.586867,47.582608],[7.586871,47.582609],[7.586876,47.582609],[7.58688,47.582609],[7.586885,47.582609],[7.58689,47.582609],[7.586894,47.582609],[7.586899,47.582609],[7.586904,47.582609],[7.586908,47.582609],[7.586913,47.582609],[7.586918,47.582609],[7.586922,47.582609],[7.586927,47.582608],[7.586931,47.582608],[7.586936,47.582607],[7.586941,47.582607],[7.586945,47.582606],[7.58695,47.582605],[7.586954,47.582605],[7.586959,47.582604],[7.586963,47.582603],[7.587016,47.582746],[7.591045,47.581856],[7.591052,47.581854],[7.591058,47.581853],[7.591065,47.581851],[7.591071,47.58185],[7.591078,47.581848],[7.591084,47.581847],[7.591091,47.581846],[7.591097,47.581844],[7.591104,47.581843],[7.59111,47.581841],[7.591117,47.58184],[7.591123,47.581838],[7.59113,47.581836],[7.591136,47.581835],[7.591143,47.581833],[7.591149,47.581832],[7.591156,47.58183],[7.591162,47.581829],[7.591169,47.581827],[7.591175,47.581826],[7.591182,47.581824],[7.591188,47.581823],[7.591194,47.581821],[7.591201,47.581819],[7.591207,47.581818],[7.591214,47.581816],[7.59122,47.581815],[7.591227,47.581813],[7.591233,47.581811],[7.591239,47.58181],[7.591246,47.581808],[7.591252,47.581806],[7.591259,47.581805],[7.591265,47.581803],[7.591271,47.581801],[7.591278,47.5818],[7.591284,47.581798],[7.591291,47.581796],[7.591297,47.581795],[7.591303,47.581793],[7.59131,47.581791],[7.591316,47.58179],[7.591322,47.581788],[7.591329,47.581786],[7.591335,47.581784],[7.591342,47.581783],[7.591348,47.581781],[7.591354,47.581779],[7.591361,47.581777],[7.591367,47.581776],[7.591373,47.581774],[7.59138,47.581772],[7.591386,47.58177],[7.591392,47.581769],[7.591399,47.581767],[7.591405,47.581765],[7.591411,47.581763],[7.591418,47.581761],[7.591424,47.58176],[7.59143,47.581758],[7.591436,47.581756],[7.591443,47.581754],[7.591449,47.581752],[7.591455,47.58175],[7.591462,47.581749],[7.591468,47.581747],[7.591474,47.581745],[7.59148,47.581743],[7.591487,47.581741],[7.591493,47.581739],[7.591499,47.581737],[7.591505,47.581736],[7.591512,47.581734],[7.591518,47.581732],[7.591524,47.58173],[7.59153,47.581728],[7.591537,47.581726],[7.591543,47.581724],[7.591549,47.581722],[7.591555,47.58172],[7.591562,47.581718],[7.591568,47.581716],[7.591574,47.581714],[7.59158,47.581712],[7.591586,47.58171],[7.591593,47.581708],[7.591599,47.581706],[7.591605,47.581704],[7.591611,47.581702],[7.591617,47.5817],[7.591624,47.581698],[7.59163,47.581696],[7.591636,47.581694],[7.591642,47.581692],[7.591648,47.58169],[7.591654,47.581688],[7.59166,47.581686],[7.591667,47.581684],[7.591673,47.581682],[7.591679,47.58168],[7.591685,47.581678],[7.591691,47.581676],[7.591697,47.581674],[7.591703,47.581672],[7.591709,47.58167],[7.591716,47.581667],[7.591722,47.581665],[7.591728,47.581663],[7.591734,47.581661],[7.59174,47.581659],[7.591746,47.581657],[7.591752,47.581655],[7.591758,47.581653],[7.591764,47.58165],[7.59177,47.581648],[7.591776,47.581646],[7.591782,47.581644],[7.591788,47.581642],[7.591795,47.58164],[7.591801,47.581637],[7.591807,47.581635],[7.591813,47.581633],[7.591819,47.581631],[7.591825,47.581629],[7.591831,47.581626],[7.591837,47.581624],[7.591843,47.581622],[7.591849,47.58162],[7.591855,47.581617],[7.591861,47.581615],[7.591867,47.581613],[7.591873,47.581611],[7.591879,47.581608],[7.591885,47.581606],[7.591891,47.581604],[7.591897,47.581601],[7.591903,47.581599],[7.591908,47.581597],[7.591914,47.581595],[7.59192,47.581592],[7.591926,47.58159],[7.591932,47.581588],[7.591938,47.581585],[7.591944,47.581583],[7.59195,47.581581],[7.591956,47.581578],[7.591962,47.581576],[7.591968,47.581574],[7.591974,47.581571],[7.59198,47.581569],[7.591985,47.581567],[7.591991,47.581564],[7.591997,47.581562],[7.592003,47.581559],[7.592009,47.581557],[7.592015,47.581555],[7.592021,47.581552],[7.592026,47.58155],[7.592032,47.581547],[7.592038,47.581545],[7.592044,47.581542],[7.59205,47.58154],[7.592056,47.581538],[7.592061,47.581535],[7.592067,47.581533],[7.592073,47.58153],[7.592079,47.581528],[7.592085,47.581525],[7.59209,47.581523],[7.592096,47.58152],[7.592102,47.581518],[7.592108,47.581515],[7.592114,47.581513],[7.592119,47.58151],[7.592125,47.581508],[7.592131,47.581505],[7.592137,47.581503],[7.592142,47.5815],[7.592148,47.581498],[7.592154,47.581495],[7.59216,47.581493],[7.592165,47.58149],[7.592171,47.581488],[7.592177,47.581485],[7.592182,47.581482],[7.592188,47.58148],[7.592194,47.581477],[7.592199,47.581475],[7.592205,47.581472],[7.592211,47.581469],[7.592217,47.581467],[7.592222,47.581464],[7.592228,47.581462],[7.592233,47.581459],[7.592239,47.581456],[7.592245,47.581454],[7.59225,47.581451],[7.592256,47.581448],[7.592262,47.581446],[7.592267,47.581443],[7.592273,47.581441],[7.592278,47.581438],[7.592284,47.581435],[7.59229,47.581433],[7.592295,47.58143],[7.592301,47.581427],[7.592306,47.581424],[7.592312,47.581422],[7.592318,47.581419],[7.592323,47.581416],[7.592329,47.581414],[7.592334,47.581411],[7.59234,47.581408],[7.592345,47.581405],[7.592351,47.581403],[7.592356,47.5814],[7.592362,47.581397],[7.592367,47.581394],[7.592373,47.581392],[7.592378,47.581389],[7.592384,47.581386],[7.592389,47.581383],[7.592395,47.581381],[7.5924,47.581378],[7.592406,47.581375],[7.592411,47.581372],[7.592417,47.581369],[7.592422,47.581367],[7.592428,47.581364],[7.592433,47.581361],[7.592439,47.581358],[7.592444,47.581355],[7.592449,47.581353],[7.592455,47.58135],[7.59246,47.581347],[7.592466,47.581344],[7.592471,47.581341],[7.592476,47.581338],[7.592482,47.581335],[7.592487,47.581333],[7.592493,47.58133],[7.592498,47.581327],[7.592503,47.581324],[7.592509,47.581321],[7.592514,47.581318],[7.592519,47.581315],[7.592525,47.581312],[7.59253,47.581309],[7.592535,47.581306],[7.592541,47.581303],[7.592546,47.581301],[7.592551,47.581298],[7.592557,47.581295],[7.592562,47.581292],[7.592567,47.581289],[7.592572,47.581286],[7.592578,47.581283],[7.592583,47.58128],[7.592588,47.581277],[7.592593,47.581274],[7.592599,47.581271],[7.592604,47.581268],[7.592609,47.581265],[7.592614,47.581262],[7.59262,47.581259],[7.592625,47.581256],[7.59263,47.581253],[7.592635,47.58125],[7.59264,47.581247],[7.592646,47.581244],[7.592651,47.581241],[7.592656,47.581238],[7.592661,47.581235],[7.592666,47.581232],[7.592671,47.581229],[7.592677,47.581226],[7.592682,47.581222],[7.592687,47.581219],[7.592692,47.581216],[7.592697,47.581213],[7.592702,47.58121],[7.592707,47.581207],[7.592712,47.581204],[7.592717,47.581201],[7.592723,47.581198],[7.592728,47.581195],[7.592733,47.581192],[7.592738,47.581188],[7.592743,47.581185],[7.592748,47.581182],[7.592753,47.581179],[7.592758,47.581176],[7.592763,47.581173],[7.592768,47.58117],[7.592773,47.581166],[7.592778,47.581163],[7.592783,47.58116],[7.592788,47.581157],[7.592793,47.581154],[7.592798,47.581151],[7.592803,47.581147],[7.592808,47.581144],[7.592813,47.581141],[7.592818,47.581138],[7.592823,47.581135],[7.592828,47.581131],[7.592833,47.581128],[7.592838,47.581125],[7.592842,47.581122],[7.592847,47.581118],[7.592852,47.581115],[7.592857,47.581112],[7.592862,47.581109],[7.592867,47.581105],[7.592872,47.581102],[7.592877,47.581099],[7.592882,47.581096],[7.592886,47.581092],[7.592891,47.581089],[7.592896,47.581086],[7.592901,47.581083],[7.592906,47.581079],[7.592911,47.581076],[7.592915,47.581073],[7.59292,47.581069],[7.592925,47.581066],[7.59293,47.581062],[7.592936,47.581059],[7.592941,47.581055],[7.592947,47.581051],[7.592952,47.581047],[7.592957,47.581044],[7.592963,47.58104],[7.592968,47.581036],[7.592974,47.581032],[7.592979,47.581028],[7.592984,47.581025],[7.59299,47.581021],[7.592995,47.581017],[7.593,47.581013],[7.593006,47.581009],[7.593011,47.581006],[7.593016,47.581002],[7.593021,47.580998],[7.593027,47.580994],[7.593032,47.58099],[7.593037,47.580986],[7.593043,47.580983],[7.593048,47.580979],[7.593053,47.580975],[7.593058,47.580971],[7.593064,47.580967],[7.593069,47.580963],[7.593074,47.580959],[7.593079,47.580955],[7.593084,47.580952],[7.59309,47.580948],[7.593095,47.580944],[7.5931,47.58094],[7.593105,47.580936],[7.59311,47.580932],[7.593115,47.580928],[7.593121,47.580924],[7.593126,47.58092],[7.593131,47.580916],[7.593136,47.580913],[7.593141,47.580909],[7.593146,47.580905],[7.593151,47.580901],[7.593157,47.580897],[7.593162,47.580893],[7.593167,47.580889],[7.593172,47.580885],[7.593177,47.580881],[7.593182,47.580877],[7.593187,47.580873],[7.593192,47.580869],[7.593197,47.580865],[7.593202,47.580861],[7.593207,47.580857],[7.593212,47.580853],[7.593217,47.580849],[7.593222,47.580845],[7.593227,47.580841],[7.593232,47.580837],[7.593237,47.580833],[7.593242,47.580829],[7.593247,47.580825],[7.593252,47.580821],[7.593257,47.580817],[7.593262,47.580813],[7.593267,47.580809],[7.593272,47.580805],[7.593277,47.580801],[7.593282,47.580797],[7.593286,47.580793],[7.593291,47.580789],[7.593296,47.580785],[7.593301,47.58078],[7.593306,47.580776],[7.593311,47.580772],[7.593316,47.580768],[7.593321,47.580764],[7.593325,47.58076],[7.59333,47.580756],[7.593335,47.580752],[7.59334,47.580748],[7.593345,47.580744],[7.593349,47.58074],[7.593354,47.580735],[7.593359,47.580731],[7.593364,47.580727],[7.593369,47.580723],[7.593373,47.580719],[7.593378,47.580715],[7.593383,47.580711],[7.593388,47.580706],[7.593392,47.580702],[7.593397,47.580698],[7.593402,47.580694],[7.593406,47.58069],[7.593411,47.580686],[7.593416,47.580681],[7.593421,47.580677],[7.593425,47.580673],[7.59343,47.580669],[7.593434,47.580665],[7.593439,47.580661],[7.593444,47.580656],[7.593448,47.580652],[7.593453,47.580648],[7.593458,47.580644],[7.593462,47.58064],[7.593467,47.580635],[7.593471,47.580631],[7.593476,47.580627],[7.593481,47.580623],[7.593485,47.580618],[7.59349,47.580614],[7.593494,47.58061],[7.593499,47.580606],[7.593503,47.580601],[7.593508,47.580597],[7.593512,47.580593],[7.593517,47.580589],[7.593521,47.580584],[7.593526,47.58058],[7.59353,47.580576],[7.593535,47.580572],[7.593539,47.580567],[7.593544,47.580563],[7.593548,47.580559],[7.593553,47.580554],[7.593557,47.58055],[7.593562,47.580546],[7.593566,47.580542],[7.59357,47.580537],[7.593575,47.580533],[7.593579,47.580529],[7.593584,47.580524],[7.593588,47.58052],[7.593592,47.580516],[7.593597,47.580511],[7.593601,47.580507],[7.593605,47.580503],[7.59361,47.580498],[7.593614,47.580494],[7.593618,47.58049],[7.593623,47.580485],[7.593627,47.580481],[7.593631,47.580477],[7.593636,47.580472],[7.59364,47.580468],[7.593644,47.580463],[7.593648,47.580459],[7.593653,47.580455],[7.593657,47.58045],[7.593661,47.580446],[7.593665,47.580441],[7.59367,47.580437],[7.593674,47.580433],[7.593678,47.580428],[7.593682,47.580424],[7.593686,47.580419],[7.593691,47.580415],[7.593695,47.580411],[7.593699,47.580406],[7.593703,47.580402],[7.593707,47.580397],[7.593711,47.580393],[7.593716,47.580388],[7.59372,47.580384],[7.593724,47.58038],[7.593728,47.580375],[7.593732,47.580371],[7.593736,47.580366],[7.59374,47.580362],[7.593744,47.580357],[7.593748,47.580353],[7.593752,47.580348],[7.593756,47.580344],[7.59376,47.580339],[7.593764,47.580335],[7.593768,47.58033],[7.593772,47.580326],[7.593776,47.580322],[7.59378,47.580317],[7.593784,47.580313],[7.593788,47.580308],[7.593792,47.580304],[7.593796,47.580299],[7.5938,47.580295],[7.593804,47.58029],[7.593808,47.580285],[7.593812,47.580281],[7.593816,47.580276],[7.59382,47.580272],[7.593824,47.580267],[7.593828,47.580263],[7.593831,47.580258],[7.593835,47.580254],[7.593839,47.580249],[7.593843,47.580245],[7.593847,47.58024],[7.593851,47.580236],[7.593855,47.580231],[7.593858,47.580226],[7.593862,47.580222],[7.593866,47.580217],[7.59387,47.580213],[7.593874,47.580208],[7.593877,47.580204],[7.593881,47.580199],[7.593885,47.580194],[7.593889,47.58019],[7.593892,47.580185],[7.593896,47.580181],[7.5939,47.580176],[7.593904,47.580171],[7.593907,47.580167],[7.593911,47.580162],[7.593915,47.580158],[7.593918,47.580153],[7.593922,47.580148],[7.593926,47.580144],[7.593929,47.580139],[7.593933,47.580135],[7.593937,47.58013],[7.59394,47.580125],[7.593944,47.580121],[7.593947,47.580116],[7.593951,47.580111],[7.593955,47.580107],[7.593958,47.580102],[7.593962,47.580097],[7.593965,47.580093],[7.593969,47.580088],[7.593972,47.580083],[7.593976,47.580079],[7.593979,47.580074],[7.593983,47.580069],[7.593986,47.580065],[7.59399,47.58006],[7.593993,47.580055],[7.593997,47.580051],[7.594,47.580046],[7.594004,47.580041],[7.594007,47.580037],[7.594011,47.580032],[7.594014,47.580027],[7.594018,47.580023],[7.594021,47.580018],[7.594024,47.580013],[7.594028,47.580008],[7.594031,47.580004],[7.594035,47.579999],[7.594038,47.579994],[7.594041,47.57999],[7.594045,47.579985],[7.594048,47.57998],[7.594051,47.579975],[7.594055,47.579971],[7.594058,47.579966],[7.594061,47.579961],[7.594065,47.579956],[7.594068,47.579952],[7.594071,47.579947],[7.594075,47.579942],[7.594078,47.579937],[7.594081,47.579933],[7.594084,47.579928],[7.594088,47.579923],[7.594091,47.579918],[7.594094,47.579914],[7.594097,47.579909],[7.5941,47.579904],[7.594104,47.579899],[7.594107,47.579895],[7.59411,47.57989],[7.594113,47.579885],[7.594116,47.57988],[7.594119,47.579875],[7.594123,47.579871],[7.594126,47.579866],[7.594129,47.579861],[7.594132,47.579856],[7.594135,47.579851],[7.594138,47.579847],[7.594141,47.579842],[7.594144,47.579837],[7.594147,47.579832],[7.59415,47.579827],[7.594153,47.579823],[7.594156,47.579818],[7.594159,47.579813],[7.594163,47.579808],[7.594166,47.579803],[7.594169,47.579798],[7.595265,47.578027],[7.59527,47.578019],[7.595276,47.578011],[7.595281,47.578003],[7.595286,47.577994],[7.595291,47.577986],[7.595296,47.577978],[7.595301,47.57797],[7.595306,47.577961],[7.595311,47.577953],[7.595316,47.577945],[7.595321,47.577937],[7.595326,47.577929],[7.595331,47.57792],[7.595336,47.577912],[7.595341,47.577904],[7.595346,47.577895],[7.595351,47.577887],[7.595356,47.577879],[7.59536,47.577871],[7.595365,47.577862],[7.59537,47.577854],[7.595375,47.577846],[7.59538,47.577838],[7.595385,47.577829],[7.59539,47.577821],[7.595395,47.577813],[7.595399,47.577804],[7.595404,47.577796],[7.595409,47.577788],[7.595414,47.57778],[7.595419,47.577771],[7.595424,47.577763],[7.595428,47.577755],[7.595433,47.577746],[7.595438,47.577738],[7.595443,47.57773],[7.595447,47.577721],[7.595452,47.577713],[7.595457,47.577705],[7.595462,47.577696],[7.595466,47.577688],[7.595471,47.57768],[7.595476,47.577672],[7.59548,47.577663],[7.595485,47.577655],[7.59549,47.577647],[7.595494,47.577638],[7.595499,47.57763],[7.595504,47.577621],[7.595508,47.577613],[7.595513,47.577605],[7.595518,47.577596],[7.595522,47.577588],[7.595527,47.57758],[7.595531,47.577571],[7.595536,47.577563],[7.59554,47.577555],[7.595545,47.577546],[7.59555,47.577538],[7.595554,47.57753],[7.595559,47.577521],[7.595563,47.577513],[7.595568,47.577504],[7.595572,47.577496],[7.595577,47.577488],[7.595581,47.577479],[7.595586,47.577471],[7.59559,47.577463],[7.595595,47.577454],[7.595599,47.577446],[7.595603,47.577437],[7.595608,47.577429],[7.595612,47.577421],[7.595617,47.577412],[7.595621,47.577404],[7.595625,47.577395],[7.59563,47.577387],[7.595634,47.577379],[7.595638,47.57737],[7.595643,47.577362],[7.595647,47.577353],[7.595651,47.577345],[7.595656,47.577336],[7.59566,47.577328],[7.595664,47.57732],[7.595669,47.577311],[7.595673,47.577303],[7.595677,47.577294],[7.595682,47.577286],[7.595686,47.577277],[7.59569,47.577269],[7.595694,47.577261],[7.595698,47.577252],[7.595703,47.577244],[7.595707,47.577235],[7.595711,47.577227],[7.595715,47.577218],[7.595719,47.57721],[7.595724,47.577201],[7.595728,47.577193],[7.595732,47.577185],[7.595736,47.577176],[7.59574,47.577168],[7.595744,47.577159],[7.595748,47.577151],[7.595752,47.577142],[7.595757,47.577134],[7.595761,47.577125],[7.595765,47.577117],[7.595769,47.577108],[7.595773,47.5771],[7.595777,47.577091],[7.595781,47.577083],[7.595785,47.577074],[7.595789,47.577066],[7.595793,47.577057],[7.595797,47.577049],[7.595801,47.57704],[7.595805,47.577032],[7.595809,47.577023],[7.595813,47.577015],[7.595817,47.577006],[7.595821,47.576998],[7.595825,47.576989],[7.595829,47.576981],[7.595832,47.576972],[7.595836,47.576964],[7.59584,47.576955],[7.595844,47.576947],[7.595848,47.576938],[7.595852,47.57693],[7.595856,47.576921],[7.59586,47.576913],[7.595863,47.576904],[7.595867,47.576896],[7.595871,47.576887],[7.595875,47.576879],[7.595879,47.57687],[7.595882,47.576862],[7.595886,47.576853],[7.59589,47.576844],[7.595894,47.576836],[7.595897,47.576827],[7.595901,47.576819],[7.595905,47.57681],[7.595909,47.576802],[7.595912,47.576793],[7.595916,47.576785],[7.59592,47.576776],[7.595923,47.576767],[7.595927,47.576759],[7.59643,47.575583],[7.596431,47.57558],[7.596433,47.575577],[7.596434,47.575574],[7.596435,47.575571],[7.596436,47.575568],[7.596438,47.575565],[7.596439,47.575562],[7.59644,47.575559],[7.596442,47.575556],[7.596443,47.575554],[7.596444,47.575551],[7.596446,47.575548],[7.596447,47.575545],[7.596449,47.575542],[7.59645,47.575539],[7.596451,47.575536],[7.596453,47.575533],[7.596454,47.57553],[7.596456,47.575528],[7.596457,47.575525],[7.596458,47.575522],[7.59646,47.575519],[7.596461,47.575516],[7.596463,47.575513],[7.596464,47.57551],[7.596466,47.575507],[7.596467,47.575505],[7.596469,47.575502],[7.59647,47.575499],[7.596472,47.575496],[7.596473,47.575493],[7.596475,47.57549],[7.596477,47.575487],[7.596478,47.575485],[7.59648,47.575482],[7.596481,47.575479],[7.596483,47.575476],[7.596484,47.575473],[7.596486,47.57547],[7.596488,47.575468],[7.596489,47.575465],[7.596491,47.575462],[7.596493,47.575459],[7.596494,47.575456],[7.596496,47.575454],[7.596498,47.575451],[7.596499,47.575448],[7.596501,47.575445],[7.596503,47.575442],[7.596504,47.575439],[7.596506,47.575437],[7.596508,47.575434],[7.59651,47.575431],[7.596511,47.575428],[7.596513,47.575425],[7.596515,47.575423],[7.596517,47.57542],[7.596519,47.575417],[7.59652,47.575414],[7.596522,47.575412],[7.596524,47.575409],[7.596526,47.575406],[7.596528,47.575403],[7.59653,47.5754],[7.596531,47.575398],[7.596533,47.575395],[7.596535,47.575392],[7.596537,47.575389],[7.596539,47.575387],[7.596541,47.575384],[7.596543,47.575381],[7.596545,47.575378],[7.596547,47.575376],[7.596548,47.575373],[7.59655,47.57537],[7.596552,47.575368],[7.596554,47.575365],[7.596556,47.575362],[7.596558,47.575359],[7.59656,47.575357],[7.596562,47.575354],[7.596564,47.575351],[7.596566,47.575348],[7.596568,47.575346],[7.59657,47.575343],[7.596572,47.57534],[7.596575,47.575338],[7.596577,47.575335],[7.596579,47.575332],[7.596581,47.57533],[7.596583,47.575327],[7.596585,47.575324],[7.596587,47.575322],[7.596589,47.575319],[7.596591,47.575316],[7.596593,47.575314],[7.596596,47.575311],[7.596598,47.575308],[7.5966,47.575306],[7.596602,47.575303],[7.596604,47.5753],[7.596606,47.575298],[7.596609,47.575295],[7.596611,47.575292],[7.596613,47.57529],[7.596615,47.575287],[7.596618,47.575284],[7.59662,47.575282],[7.596622,47.575279],[7.596624,47.575277],[7.596627,47.575274],[7.596629,47.575271],[7.596631,47.575269],[7.596633,47.575266],[7.596636,47.575263],[7.596638,47.575261],[7.59664,47.575258],[7.596643,47.575256],[7.596645,47.575253],[7.596647,47.575251],[7.59665,47.575248],[7.596652,47.575245],[7.596654,47.575243],[7.596657,47.57524],[7.596659,47.575238],[7.596662,47.575235],[7.596664,47.575233],[7.596666,47.57523],[7.596669,47.575227],[7.596671,47.575225],[7.596674,47.575222],[7.596676,47.57522],[7.596679,47.575217],[7.596681,47.575215],[7.596684,47.575212],[7.596686,47.57521],[7.596689,47.575207],[7.596691,47.575205],[7.596694,47.575202],[7.596696,47.5752],[7.596699,47.575197],[7.596701,47.575195],[7.596704,47.575192],[7.596706,47.57519],[7.596709,47.575187],[7.596711,47.575185],[7.596714,47.575182],[7.596717,47.57518],[7.596719,47.575177],[7.596722,47.575175],[7.596724,47.575172],[7.596727,47.57517],[7.59673,47.575167],[7.596732,47.575165],[7.596735,47.575162],[7.596737,47.57516],[7.59674,47.575157],[7.596743,47.575155],[7.596745,47.575153],[7.596748,47.57515],[7.596751,47.575148],[7.596754,47.575145],[7.596756,47.575143],[7.596759,47.57514],[7.596762,47.575138],[7.596764,47.575136],[7.596767,47.575133],[7.59677,47.575131],[7.596773,47.575128],[7.596775,47.575126],[7.596778,47.575124],[7.596781,47.575121],[7.596784,47.575119],[7.596787,47.575116],[7.596789,47.575114],[7.596792,47.575112],[7.596795,47.575109],[7.596798,47.575107],[7.596801,47.575105],[7.596803,47.575102],[7.596806,47.5751],[7.596809,47.575098],[7.596812,47.575095],[7.596815,47.575093],[7.596818,47.575091],[7.596821,47.575088],[7.596824,47.575086],[7.596826,47.575084],[7.596829,47.575081],[7.596832,47.575079],[7.596835,47.575077],[7.596838,47.575074],[7.596841,47.575072],[7.596844,47.57507],[7.596847,47.575068],[7.59685,47.575065],[7.596853,47.575063],[7.596856,47.575061],[7.596859,47.575059],[7.596862,47.575056],[7.596865,47.575054],[7.596868,47.575052],[7.596871,47.57505],[7.596874,47.575047],[7.596877,47.575045],[7.59688,47.575043],[7.596883,47.575041],[7.596886,47.575038],[7.596889,47.575036],[7.596892,47.575034],[7.596895,47.575032],[7.596898,47.57503],[7.596901,47.575027],[7.596905,47.575025],[7.596908,47.575023],[7.596911,47.575021],[7.596914,47.575019],[7.596917,47.575016],[7.59692,47.575014],[7.596923,47.575012],[7.596926,47.57501],[7.59693,47.575008],[7.596933,47.575006],[7.596936,47.575003],[7.596939,47.575001],[7.596942,47.574999],[7.596945,47.574997],[7.596949,47.574995],[7.596952,47.574993],[7.596955,47.574991],[7.596958,47.574989],[7.596962,47.574986],[7.596965,47.574984],[7.596968,47.574982],[7.596971,47.57498],[7.596974,47.574978],[7.596978,47.574976],[7.596981,47.574974],[7.596984,47.574972],[7.596988,47.57497],[7.596991,47.574968],[7.596994,47.574966],[7.596997,47.574964],[7.597001,47.574961],[7.597004,47.574959],[7.597007,47.574957],[7.597011,47.574955],[7.597014,47.574953],[7.597017,47.574951],[7.597021,47.574949],[7.597024,47.574947],[7.597027,47.574945],[7.597031,47.574943],[7.597034,47.574941],[7.597038,47.574939],[7.597041,47.574937],[7.597044,47.574935],[7.597048,47.574933],[7.597051,47.574931],[7.597055,47.574929],[7.597058,47.574927],[7.597061,47.574925],[7.597065,47.574924],[7.597068,47.574922],[7.597072,47.57492],[7.597075,47.574918],[7.597079,47.574916],[7.597082,47.574914],[7.597086,47.574912],[7.597089,47.57491],[7.597093,47.574908],[7.597096,47.574906],[7.5971,47.574904],[7.597103,47.574902],[7.597107,47.574901],[7.59711,47.574899],[7.597114,47.574897],[7.597117,47.574895],[7.597121,47.574893],[7.597124,47.574891],[7.597128,47.574889],[7.597131,47.574887],[7.597135,47.574886],[7.597139,47.574884],[7.597142,47.574882],[7.597146,47.57488],[7.597149,47.574878],[7.597153,47.574876],[7.597156,47.574875],[7.59716,47.574873],[7.597164,47.574871],[7.597167,47.574869],[7.597171,47.574867],[7.597175,47.574866],[7.597178,47.574864],[7.597182,47.574862],[7.597185,47.57486],[7.597189,47.574859],[7.597193,47.574857],[7.597196,47.574855],[7.5972,47.574853],[7.597204,47.574852],[7.597207,47.57485],[7.597211,47.574848],[7.597215,47.574846],[7.597219,47.574845],[7.597222,47.574843],[7.597226,47.574841],[7.59723,47.57484],[7.597233,47.574838],[7.597237,47.574836],[7.597241,47.574834],[7.597245,47.574833],[7.597248,47.574831],[7.597252,47.574829],[7.597256,47.574828],[7.59726,47.574826],[7.597263,47.574825],[7.597267,47.574823],[7.597271,47.574821],[7.597275,47.57482],[7.597278,47.574818],[7.597282,47.574816],[7.597286,47.574815],[7.59729,47.574813],[7.597294,47.574812],[7.597297,47.57481],[7.597301,47.574808],[7.597305,47.574807],[7.597309,47.574805],[7.597313,47.574804],[7.597317,47.574802],[7.59732,47.5748],[7.597324,47.574799],[7.597328,47.574797],[7.597332,47.574796],[7.597336,47.574794],[7.59734,47.574793],[7.597344,47.574791],[7.597347,47.57479],[7.597351,47.574788],[7.597355,47.574787],[7.597359,47.574785],[7.597363,47.574784],[7.597367,47.574782],[7.597371,47.574781],[7.597375,47.574779],[7.597379,47.574778],[7.597383,47.574776],[7.597387,47.574775],[7.597391,47.574773],[7.597394,47.574772],[7.597398,47.57477],[7.597402,47.574769],[7.597406,47.574768],[7.59741,47.574766],[7.597414,47.574765],[7.597418,47.574763],[7.597422,47.574762],[7.597426,47.57476],[7.59743,47.574759],[7.597434,47.574758],[7.597438,47.574756],[7.597442,47.574755],[7.597446,47.574754],[7.59745,47.574752],[7.597454,47.574751],[7.597458,47.574749],[7.597462,47.574748],[7.597466,47.574747],[7.59747,47.574745],[7.597474,47.574744],[7.597478,47.574743],[7.597482,47.574741],[7.597486,47.57474],[7.59749,47.574739],[7.597494,47.574738],[7.597499,47.574736],[7.597503,47.574735],[7.597507,47.574734],[7.597511,47.574732],[7.597515,47.574731],[7.597519,47.57473],[7.597523,47.574729],[7.597527,47.574727],[7.597531,47.574726],[7.597535,47.574725],[7.597539,47.574724],[7.597543,47.574722],[7.597548,47.574721],[7.597552,47.57472],[7.597556,47.574719],[7.59756,47.574718],[7.597564,47.574716],[7.597568,47.574715],[7.597572,47.574714],[7.597576,47.574713],[7.597581,47.574712],[7.597585,47.574711],[7.597589,47.574709],[7.597593,47.574708],[7.597597,47.574707],[7.597601,47.574706],[7.597606,47.574705],[7.59761,47.574704],[7.597614,47.574703],[7.597618,47.574702],[7.597622,47.5747],[7.597626,47.574699],[7.597631,47.574698],[7.597635,47.574697],[7.597639,47.574696],[7.597643,47.574695],[7.597647,47.574694],[7.597652,47.574693],[7.597656,47.574692],[7.59766,47.574691],[7.597664,47.57469],[7.597668,47.574689],[7.597673,47.574688],[7.597677,47.574687],[7.597681,47.574686],[7.597685,47.574685],[7.59769,47.574684],[7.597694,47.574683],[7.597698,47.574682],[7.597702,47.574681],[7.597706,47.57468],[7.597711,47.574679],[7.597715,47.574678],[7.597719,47.574677],[7.597724,47.574676],[7.597728,47.574675],[7.597732,47.574674],[7.597736,47.574673],[7.597741,47.574672],[7.597745,47.574671],[7.597749,47.57467],[7.597753,47.574669],[7.597758,47.574668],[7.597762,47.574668],[7.597766,47.574667],[7.597771,47.574666],[7.597775,47.574665],[7.597779,47.574664],[7.597783,47.574663],[7.597788,47.574662],[7.597792,47.574662],[7.597796,47.574661],[7.597801,47.57466],[7.597805,47.574659],[7.597809,47.574658],[7.597814,47.574657],[7.597818,47.574657],[7.597822,47.574656],[7.597827,47.574655],[7.597831,47.574654],[7.597835,47.574653],[7.59784,47.574653],[7.597844,47.574652],[7.597848,47.574651],[7.597853,47.57465],[7.597857,47.57465],[7.597861,47.574649],[7.597866,47.574648],[7.59787,47.574647],[7.597874,47.574647],[7.597879,47.574646],[7.597883,47.574645],[7.597888,47.574645],[7.597892,47.574644],[7.597896,47.574643],[7.597901,47.574643],[7.597905,47.574642],[7.597909,47.574641],[7.597914,47.574641],[7.597918,47.57464],[7.597923,47.574639],[7.597927,47.574639],[7.597931,47.574638],[7.597936,47.574637],[7.59794,47.574637],[7.597944,47.574636],[7.597949,47.574636],[7.597953,47.574635],[7.597958,47.574634],[7.597962,47.574634],[7.597966,47.574633],[7.597971,47.574633],[7.597975,47.574632],[7.59798,47.574631],[7.597984,47.574631],[7.597989,47.57463],[7.597993,47.57463],[7.597997,47.574629],[7.598002,47.574629],[7.598006,47.574628],[7.598011,47.574628],[7.598015,47.574627],[7.598019,47.574627],[7.598024,47.574626],[7.598028,47.574626],[7.598033,47.574625],[7.598037,47.574625],[7.598042,47.574624],[7.598046,47.574624],[7.59805,47.574623],[7.598055,47.574623],[7.598059,47.574623],[7.598064,47.574622],[7.598068,47.574622],[7.598073,47.574621],[7.598077,47.574621],[7.598082,47.57462],[7.598086,47.57462],[7.59809,47.57462],[7.598095,47.574619],[7.598099,47.574619],[7.598104,47.574619],[7.598108,47.574618],[7.598113,47.574618],[7.598117,47.574617],[7.598122,47.574617],[7.598126,47.574617],[7.598131,47.574616],[7.598135,47.574616],[7.598139,47.574616],[7.598144,47.574615],[7.598148,47.574615],[7.598153,47.574615],[7.598157,47.574615],[7.598162,47.574614],[7.598166,47.574614],[7.598171,47.574614],[7.598175,47.574613],[7.59818,47.574613],[7.598184,47.574613],[7.598189,47.574613],[7.598193,47.574613],[7.598198,47.574612],[7.598202,47.574612],[7.598206,47.574612],[7.598211,47.574612],[7.598215,47.574611],[7.59822,47.574611],[7.598224,47.574611],[7.598229,47.574611],[7.598233,47.574611],[7.598238,47.574611],[7.598242,47.57461],[7.598247,47.57461],[7.598251,47.57461],[7.598256,47.57461],[7.598257,47.57461],[7.59821,47.574409],[7.598199,47.574361],[7.598193,47.574334],[7.598133,47.574114],[7.598133,47.574108],[7.598133,47.574102],[7.598133,47.574096],[7.598133,47.57409],[7.598133,47.574085],[7.598133,47.574079],[7.598134,47.574073],[7.598134,47.574067],[7.598135,47.574061],[7.598136,47.574055],[7.598137,47.574049],[7.598138,47.574044],[7.598139,47.574038],[7.59814,47.574032],[7.598142,47.574026],[7.598143,47.57402],[7.598145,47.574015],[7.598147,47.574009],[7.598148,47.574003],[7.598151,47.573997],[7.598153,47.573992],[7.598155,47.573986],[7.598157,47.57398],[7.59816,47.573975],[7.598162,47.573969],[7.598165,47.573963],[7.598168,47.573958],[7.598171,47.573952],[7.598174,47.573947],[7.598177,47.573941],[7.598181,47.573936],[7.598184,47.57393],[7.598185,47.573928],[7.598186,47.573926],[7.598187,47.573924],[7.598188,47.573922],[7.598188,47.57392],[7.598189,47.573917],[7.598189,47.573915],[7.598189,47.573913],[7.598189,47.573911],[7.598189,47.573908],[7.598189,47.573906],[7.598189,47.573904],[7.598188,47.573902],[7.598188,47.5739],[7.598187,47.573897],[7.598186,47.573895],[7.598185,47.573893],[7.598184,47.573891],[7.598183,47.573889],[7.598182,47.573887],[7.59818,47.573885],[7.598179,47.573884],[7.598293,47.573674],[7.598295,47.573669],[7.598298,47.573664],[7.598302,47.573659],[7.598305,47.573654],[7.598309,47.573649],[7.598313,47.573644],[7.598317,47.573639],[7.598321,47.573635],[7.598326,47.57363],[7.598331,47.573626],[7.598336,47.573621],[7.598341,47.573617],[7.598346,47.573613],[7.598352,47.573609],[7.598357,47.573605],[7.598363,47.573602],[7.598369,47.573598],[7.598376,47.573594],[7.598382,47.573591],[7.598388,47.573588],[7.598395,47.573585],[7.598402,47.573582],[7.598409,47.573579],[7.598416,47.573577],[7.598332,47.573461],[7.598327,47.573452],[7.598321,47.573443],[7.598316,47.573434],[7.598311,47.573425],[7.598306,47.573416],[7.598302,47.573407],[7.598298,47.573398],[7.598294,47.573389],[7.59829,47.57338],[7.598286,47.57337],[7.598282,47.573361],[7.598279,47.573352],[7.598276,47.573342],[7.598273,47.573333],[7.598271,47.573324],[7.598268,47.573314],[7.598042,47.5721],[7.59804,47.57209],[7.598038,47.57208],[7.598036,47.57207],[7.598033,47.57206],[7.598031,47.57205],[7.598028,47.57204],[7.598025,47.57203],[7.598022,47.572021],[7.598018,47.572011],[7.598015,47.572001],[7.598011,47.571991],[7.598007,47.571982],[7.598003,47.571972],[7.597999,47.571962],[7.597994,47.571953],[7.597989,47.571943],[7.597983,47.571934],[7.597783,47.571964],[7.597771,47.571965],[7.597759,47.571967],[7.597747,47.571968],[7.597735,47.57197],[7.597723,47.571971],[7.597711,47.571972],[7.597699,47.571973],[7.597687,47.571974],[7.597675,47.571975],[7.597663,47.571975],[7.597651,47.571976],[7.597639,47.571976],[7.597627,47.571977],[7.597615,47.571977],[7.597603,47.571977],[7.597591,47.571977],[7.597585,47.571977],[7.597578,47.571977],[7.597572,47.571977],[7.597565,47.571977],[7.597559,47.571976],[7.597553,47.571976],[7.597546,47.571976],[7.59754,47.571975],[7.597533,47.571975],[7.597527,47.571974],[7.597521,47.571974],[7.597514,47.571973],[7.597508,47.571972],[7.597502,47.571971],[7.597495,47.57197],[7.597489,47.571969],[7.597483,47.571968],[7.597477,47.571967],[7.59747,47.571966],[7.597464,47.571965],[7.597458,47.571964],[7.597452,47.571962],[7.597446,47.571961],[7.59744,47.571959],[7.597434,47.571958],[7.597428,47.571956],[7.597422,47.571955],[7.597416,47.571953],[7.59741,47.571951],[7.597404,47.571949],[7.597398,47.571947],[7.597393,47.571945],[7.596885,47.571766],[7.596604,47.571659],[7.596487,47.571614],[7.595698,47.571314],[7.595328,47.571172],[7.595107,47.571088],[7.595111,47.571048],[7.595103,47.570784],[7.595112,47.570655],[7.595099,47.570658],[7.595085,47.570661],[7.595072,47.570663],[7.595058,47.570665],[7.595045,47.570667],[7.595031,47.570669],[7.595018,47.570671],[7.595004,47.570673],[7.59499,47.570675],[7.594976,47.570676],[7.594963,47.570678],[7.594949,47.570679],[7.594935,47.57068],[7.594921,47.570681],[7.594907,47.570682],[7.594894,47.570682],[7.593558,47.570697],[7.592416,47.570706],[7.592347,47.570708],[7.592279,47.57071],[7.592221,47.570712],[7.592163,47.570714],[7.592105,47.570715],[7.592047,47.570717],[7.591989,47.570718],[7.591931,47.570719],[7.591873,47.57072],[7.591815,47.570722],[7.591757,47.570723],[7.591699,47.570723],[7.59164,47.570724],[7.591582,47.570725],[7.591524,47.570726],[7.591466,47.570726],[7.591408,47.570727],[7.59135,47.570727],[7.591292,47.570727],[7.591234,47.570727],[7.591176,47.570727],[7.591117,47.570727],[7.591059,47.570727],[7.591001,47.570727],[7.590943,47.570727],[7.590885,47.570726],[7.590827,47.570726],[7.590769,47.570725],[7.590711,47.570725],[7.590653,47.570724],[7.590595,47.570723],[7.590536,47.570722],[7.590478,47.570721],[7.59042,47.57072],[7.590174,47.570715],[7.588614,47.570707],[7.586739,47.570736],[7.586427,47.570739],[7.586474,47.571007],[7.58641,47.571008],[7.586476,47.571382],[7.586552,47.572605],[7.586453,47.573904],[7.586154,47.575214],[7.586018,47.575882],[7.58597,47.576113],[7.585945,47.576473],[7.585961,47.576492]]],"type":"Polygon"},"properties":{"geo_point_2d":{"lon":7.5910900115004045,"lat":47.57598165328499},"wov_id":"18","wov_label":"18","wov_name":"Klybeck","gemeinde_name":"Basel"}},{"type":"Feature","geometry":{"coordinates":[[[7.587068,47.582884],[7.587064,47.582886],[7.58706,47.582888],[7.587056,47.582889],[7.587053,47.582891],[7.587049,47.582893],[7.587046,47.582894],[7.587042,47.582896],[7.587039,47.582898],[7.587035,47.5829],[7.587032,47.582902],[7.587029,47.582904],[7.587025,47.582906],[7.587022,47.582908],[7.587019,47.58291],[7.587016,47.582912],[7.587013,47.582914],[7.58701,47.582917],[7.587007,47.582919],[7.587004,47.582921],[7.587001,47.582924],[7.586999,47.582926],[7.586996,47.582929],[7.586994,47.582931],[7.586991,47.582934],[7.586989,47.582936],[7.586987,47.582939],[7.586984,47.582941],[7.586982,47.582944],[7.58698,47.582947],[7.586978,47.582949],[7.586976,47.582952],[7.586975,47.582955],[7.586971,47.58296],[7.586968,47.582965],[7.586965,47.58297],[7.586963,47.582975],[7.58696,47.58298],[7.586958,47.582985],[7.586955,47.582991],[7.586953,47.582996],[7.586952,47.583001],[7.58695,47.583006],[7.586949,47.583012],[7.586947,47.583017],[7.586946,47.583022],[7.586945,47.583028],[7.586945,47.583033],[7.586944,47.583038],[7.586944,47.58305],[7.586938,47.5831],[7.586912,47.583442],[7.586912,47.583455],[7.586911,47.583468],[7.586911,47.58348],[7.586911,47.583493],[7.586911,47.583505],[7.586912,47.583518],[7.586912,47.583531],[7.586913,47.583543],[7.586913,47.583556],[7.586914,47.583569],[7.586915,47.583581],[7.586916,47.583594],[7.586917,47.583607],[7.586918,47.583619],[7.58692,47.583632],[7.586921,47.583644],[7.586923,47.583659],[7.586925,47.583673],[7.586927,47.583687],[7.58693,47.583702],[7.586932,47.583716],[7.586935,47.58373],[7.586938,47.583744],[7.586941,47.583759],[7.586944,47.583773],[7.586948,47.583787],[7.586951,47.583801],[7.586955,47.583815],[7.586958,47.58383],[7.586962,47.583844],[7.586967,47.583858],[7.586971,47.583872],[7.586974,47.583883],[7.586978,47.583894],[7.586981,47.583906],[7.586985,47.583917],[7.586989,47.583928],[7.586993,47.583939],[7.586997,47.583951],[7.587001,47.583962],[7.587006,47.583973],[7.58701,47.583984],[7.587015,47.583995],[7.58702,47.584006],[7.587024,47.584017],[7.587029,47.584028],[7.587035,47.584039],[7.58704,47.58405],[7.587045,47.584062],[7.587051,47.584073],[7.587056,47.584084],[7.587062,47.584096],[7.587067,47.584107],[7.587073,47.584118],[7.587079,47.58413],[7.587085,47.584141],[7.587091,47.584152],[7.587097,47.584164],[7.587103,47.584175],[7.587109,47.584186],[7.587116,47.584197],[7.587122,47.584208],[7.587128,47.58422],[7.587135,47.584231],[7.587411,47.584733],[7.587965,47.585744],[7.587957,47.585782],[7.588269,47.586355],[7.588238,47.586363],[7.588601,47.587027],[7.588609,47.587042],[7.588617,47.587056],[7.588625,47.58707],[7.588633,47.587085],[7.588641,47.587099],[7.58865,47.587114],[7.588658,47.587128],[7.588666,47.587142],[7.588675,47.587157],[7.588683,47.587171],[7.588692,47.587185],[7.5887,47.5872],[7.588709,47.587214],[7.588718,47.587228],[7.588727,47.587242],[7.588736,47.587256],[7.588745,47.587271],[7.588754,47.587285],[7.588763,47.587299],[7.588772,47.587313],[7.588781,47.587327],[7.588791,47.587341],[7.5888,47.587355],[7.588809,47.587369],[7.588819,47.587383],[7.588829,47.587397],[7.588838,47.587411],[7.588848,47.587425],[7.588858,47.587439],[7.588868,47.587453],[7.588877,47.587467],[7.588887,47.587481],[7.590412,47.589596],[7.591204,47.589419],[7.592754,47.589073],[7.592993,47.58902],[7.593171,47.58898],[7.593213,47.588969],[7.59372,47.588841],[7.59525,47.588455],[7.598469,47.587644],[7.599706,47.587115],[7.600816,47.586641],[7.601705,47.586261],[7.601942,47.58616],[7.601975,47.586146],[7.602238,47.586034],[7.602261,47.586024],[7.602464,47.585938],[7.603231,47.585612],[7.603515,47.585491],[7.604515,47.585066],[7.604822,47.584935],[7.604754,47.584318],[7.604696,47.583804],[7.604586,47.582815],[7.604323,47.582077],[7.604061,47.581339],[7.604469,47.581299],[7.604583,47.581238],[7.604701,47.581176],[7.604701,47.581174],[7.604759,47.580523],[7.604769,47.580409],[7.605339,47.579888],[7.604889,47.577879],[7.603176,47.577633],[7.603044,47.577644],[7.602937,47.577019],[7.602856,47.576547],[7.602841,47.576461],[7.602811,47.576361],[7.602807,47.576351],[7.602804,47.576341],[7.6028,47.57633],[7.602796,47.57632],[7.602792,47.57631],[7.602787,47.5763],[7.602782,47.57629],[7.602777,47.576281],[7.602772,47.576271],[7.602767,47.576261],[7.602761,47.576251],[7.602755,47.576242],[7.602749,47.576232],[7.602743,47.576222],[7.602736,47.576213],[7.60273,47.576204],[7.602723,47.576194],[7.602716,47.576185],[7.602708,47.576176],[7.602701,47.576167],[7.602693,47.576158],[7.602685,47.576149],[7.602677,47.57614],[7.602669,47.576131],[7.60266,47.576122],[7.602651,47.576114],[7.602642,47.576105],[7.602633,47.576097],[7.602624,47.576088],[7.602614,47.57608],[7.602605,47.576072],[7.602595,47.576064],[7.602589,47.576059],[7.602584,47.576055],[7.602578,47.576051],[7.602572,47.576046],[7.602567,47.576042],[7.602561,47.576038],[7.602555,47.576033],[7.602549,47.576029],[7.602543,47.576025],[7.602537,47.576021],[7.602531,47.576017],[7.602525,47.576013],[7.602519,47.576009],[7.602512,47.576005],[7.602506,47.576001],[7.6025,47.575997],[7.602493,47.575993],[7.602487,47.575989],[7.60248,47.575985],[7.602474,47.575981],[7.602467,47.575978],[7.602461,47.575974],[7.602454,47.57597],[7.602447,47.575967],[7.60244,47.575963],[7.602434,47.57596],[7.602427,47.575956],[7.60242,47.575953],[7.602413,47.575949],[7.602406,47.575946],[7.602399,47.575942],[7.602392,47.575939],[7.602217,47.57585],[7.602191,47.575837],[7.601569,47.575525],[7.601509,47.575494],[7.601218,47.575348],[7.601207,47.575343],[7.601196,47.575337],[7.601185,47.575332],[7.601175,47.575326],[7.601164,47.575321],[7.601153,47.575315],[7.601143,47.575309],[7.601132,47.575303],[7.601122,47.575297],[7.601111,47.575291],[7.601101,47.575285],[7.601091,47.575279],[7.60108,47.575273],[7.60107,47.575267],[7.60106,47.575261],[7.60105,47.575255],[7.60104,47.575249],[7.60103,47.575242],[7.601021,47.575236],[7.601011,47.57523],[7.601001,47.575223],[7.600992,47.575217],[7.600982,47.57521],[7.600973,47.575203],[7.600963,47.575197],[7.600954,47.57519],[7.600945,47.575183],[7.600936,47.575177],[7.600926,47.57517],[7.600917,47.575163],[7.600908,47.575156],[7.6009,47.575149],[7.600891,47.575142],[7.600882,47.575135],[7.600873,47.575128],[7.600865,47.575121],[7.600856,47.575114],[7.600848,47.575106],[7.60084,47.575099],[7.600831,47.575092],[7.600823,47.575084],[7.600815,47.575077],[7.600807,47.57507],[7.600799,47.575062],[7.600791,47.575055],[7.600783,47.575047],[7.600776,47.57504],[7.600768,47.575032],[7.600761,47.575024],[7.600753,47.575017],[7.600746,47.575009],[7.600738,47.575001],[7.600731,47.574993],[7.600724,47.574986],[7.600717,47.574978],[7.60071,47.57497],[7.600703,47.574962],[7.600696,47.574954],[7.60069,47.574946],[7.600683,47.574938],[7.600677,47.57493],[7.60067,47.574922],[7.600664,47.574914],[7.600658,47.574906],[7.600663,47.574901],[7.600669,47.574897],[7.600674,47.574892],[7.600679,47.574887],[7.600684,47.574883],[7.600689,47.574878],[7.600693,47.574873],[7.600698,47.574868],[7.600702,47.574863],[7.600706,47.574858],[7.600709,47.574853],[7.600713,47.574847],[7.600716,47.574842],[7.600719,47.574836],[7.600722,47.574831],[7.600725,47.574825],[7.600779,47.574711],[7.600777,47.574711],[7.600767,47.57471],[7.600757,47.574709],[7.600747,47.574709],[7.600737,47.574708],[7.600727,47.574707],[7.600717,47.574707],[7.600707,47.574706],[7.600697,47.574705],[7.600687,47.574705],[7.600677,47.574704],[7.600667,47.574703],[7.600657,47.574703],[7.600647,47.574702],[7.600637,47.574701],[7.600626,47.574701],[7.600616,47.5747],[7.600606,47.574699],[7.600596,47.574699],[7.600586,47.574698],[7.600576,47.574698],[7.600566,47.574697],[7.600556,47.574696],[7.600546,47.574696],[7.600536,47.574695],[7.600526,47.574695],[7.600516,47.574694],[7.600506,47.574694],[7.600496,47.574693],[7.600486,47.574693],[7.600476,47.574692],[7.600465,47.574691],[7.600455,47.574691],[7.600445,47.57469],[7.600435,47.57469],[7.600425,47.574689],[7.600415,47.574689],[7.600405,47.574688],[7.600395,47.574688],[7.600385,47.574688],[7.600375,47.574687],[7.600365,47.574687],[7.600355,47.574686],[7.600345,47.574686],[7.600335,47.574685],[7.600324,47.574685],[7.600314,47.574684],[7.600304,47.574684],[7.600294,47.574684],[7.600284,47.574683],[7.598462,47.574611],[7.598457,47.574611],[7.598453,47.574611],[7.598449,47.57461],[7.598444,47.57461],[7.59844,47.57461],[7.598435,47.57461],[7.598431,47.57461],[7.598426,47.57461],[7.598422,47.57461],[7.598417,47.574609],[7.598413,47.574609],[7.598408,47.574609],[7.598404,47.574609],[7.598399,47.574609],[7.598395,47.574609],[7.59839,47.574609],[7.598386,47.574609],[7.598381,47.574609],[7.598377,47.574609],[7.598372,47.574609],[7.598368,47.574609],[7.598363,47.574609],[7.598359,47.574609],[7.598354,47.574609],[7.59835,47.574609],[7.598345,47.574609],[7.598341,47.574609],[7.598336,47.574609],[7.598332,47.574609],[7.598327,47.574609],[7.598323,47.574609],[7.598319,47.574609],[7.598314,47.574609],[7.59831,47.574609],[7.598305,47.574609],[7.598301,47.574609],[7.598296,47.574609],[7.598292,47.574609],[7.598287,47.574609],[7.598283,47.574609],[7.598278,47.574609],[7.598274,47.574609],[7.598269,47.57461],[7.598265,47.57461],[7.59826,47.57461],[7.598257,47.57461],[7.598256,47.57461],[7.598251,47.57461],[7.598247,47.57461],[7.598242,47.57461],[7.598238,47.574611],[7.598233,47.574611],[7.598229,47.574611],[7.598224,47.574611],[7.59822,47.574611],[7.598215,47.574611],[7.598211,47.574612],[7.598206,47.574612],[7.598202,47.574612],[7.598198,47.574612],[7.598193,47.574613],[7.598189,47.574613],[7.598184,47.574613],[7.59818,47.574613],[7.598175,47.574613],[7.598171,47.574614],[7.598166,47.574614],[7.598162,47.574614],[7.598157,47.574615],[7.598153,47.574615],[7.598148,47.574615],[7.598144,47.574615],[7.598139,47.574616],[7.598135,47.574616],[7.598131,47.574616],[7.598126,47.574617],[7.598122,47.574617],[7.598117,47.574617],[7.598113,47.574618],[7.598108,47.574618],[7.598104,47.574619],[7.598099,47.574619],[7.598095,47.574619],[7.59809,47.57462],[7.598086,47.57462],[7.598082,47.57462],[7.598077,47.574621],[7.598073,47.574621],[7.598068,47.574622],[7.598064,47.574622],[7.598059,47.574623],[7.598055,47.574623],[7.59805,47.574623],[7.598046,47.574624],[7.598042,47.574624],[7.598037,47.574625],[7.598033,47.574625],[7.598028,47.574626],[7.598024,47.574626],[7.598019,47.574627],[7.598015,47.574627],[7.598011,47.574628],[7.598006,47.574628],[7.598002,47.574629],[7.597997,47.574629],[7.597993,47.57463],[7.597989,47.57463],[7.597984,47.574631],[7.59798,47.574631],[7.597975,47.574632],[7.597971,47.574633],[7.597966,47.574633],[7.597962,47.574634],[7.597958,47.574634],[7.597953,47.574635],[7.597949,47.574636],[7.597944,47.574636],[7.59794,47.574637],[7.597936,47.574637],[7.597931,47.574638],[7.597927,47.574639],[7.597923,47.574639],[7.597918,47.57464],[7.597914,47.574641],[7.597909,47.574641],[7.597905,47.574642],[7.597901,47.574643],[7.597896,47.574643],[7.597892,47.574644],[7.597888,47.574645],[7.597883,47.574645],[7.597879,47.574646],[7.597874,47.574647],[7.59787,47.574647],[7.597866,47.574648],[7.597861,47.574649],[7.597857,47.57465],[7.597853,47.57465],[7.597848,47.574651],[7.597844,47.574652],[7.59784,47.574653],[7.597835,47.574653],[7.597831,47.574654],[7.597827,47.574655],[7.597822,47.574656],[7.597818,47.574657],[7.597814,47.574657],[7.597809,47.574658],[7.597805,47.574659],[7.597801,47.57466],[7.597796,47.574661],[7.597792,47.574662],[7.597788,47.574662],[7.597783,47.574663],[7.597779,47.574664],[7.597775,47.574665],[7.597771,47.574666],[7.597766,47.574667],[7.597762,47.574668],[7.597758,47.574668],[7.597753,47.574669],[7.597749,47.57467],[7.597745,47.574671],[7.597741,47.574672],[7.597736,47.574673],[7.597732,47.574674],[7.597728,47.574675],[7.597724,47.574676],[7.597719,47.574677],[7.597715,47.574678],[7.597711,47.574679],[7.597706,47.57468],[7.597702,47.574681],[7.597698,47.574682],[7.597694,47.574683],[7.59769,47.574684],[7.597685,47.574685],[7.597681,47.574686],[7.597677,47.574687],[7.597673,47.574688],[7.597668,47.574689],[7.597664,47.57469],[7.59766,47.574691],[7.597656,47.574692],[7.597652,47.574693],[7.597647,47.574694],[7.597643,47.574695],[7.597639,47.574696],[7.597635,47.574697],[7.597631,47.574698],[7.597626,47.574699],[7.597622,47.5747],[7.597618,47.574702],[7.597614,47.574703],[7.59761,47.574704],[7.597606,47.574705],[7.597601,47.574706],[7.597597,47.574707],[7.597593,47.574708],[7.597589,47.574709],[7.597585,47.574711],[7.597581,47.574712],[7.597576,47.574713],[7.597572,47.574714],[7.597568,47.574715],[7.597564,47.574716],[7.59756,47.574718],[7.597556,47.574719],[7.597552,47.57472],[7.597548,47.574721],[7.597543,47.574722],[7.597539,47.574724],[7.597535,47.574725],[7.597531,47.574726],[7.597527,47.574727],[7.597523,47.574729],[7.597519,47.57473],[7.597515,47.574731],[7.597511,47.574732],[7.597507,47.574734],[7.597503,47.574735],[7.597499,47.574736],[7.597494,47.574738],[7.59749,47.574739],[7.597486,47.57474],[7.597482,47.574741],[7.597478,47.574743],[7.597474,47.574744],[7.59747,47.574745],[7.597466,47.574747],[7.597462,47.574748],[7.597458,47.574749],[7.597454,47.574751],[7.59745,47.574752],[7.597446,47.574754],[7.597442,47.574755],[7.597438,47.574756],[7.597434,47.574758],[7.59743,47.574759],[7.597426,47.57476],[7.597422,47.574762],[7.597418,47.574763],[7.597414,47.574765],[7.59741,47.574766],[7.597406,47.574768],[7.597402,47.574769],[7.597398,47.57477],[7.597394,47.574772],[7.597391,47.574773],[7.597387,47.574775],[7.597383,47.574776],[7.597379,47.574778],[7.597375,47.574779],[7.597371,47.574781],[7.597367,47.574782],[7.597363,47.574784],[7.597359,47.574785],[7.597355,47.574787],[7.597351,47.574788],[7.597347,47.57479],[7.597344,47.574791],[7.59734,47.574793],[7.597336,47.574794],[7.597332,47.574796],[7.597328,47.574797],[7.597324,47.574799],[7.59732,47.5748],[7.597317,47.574802],[7.597313,47.574804],[7.597309,47.574805],[7.597305,47.574807],[7.597301,47.574808],[7.597297,47.57481],[7.597294,47.574812],[7.59729,47.574813],[7.597286,47.574815],[7.597282,47.574816],[7.597278,47.574818],[7.597275,47.57482],[7.597271,47.574821],[7.597267,47.574823],[7.597263,47.574825],[7.59726,47.574826],[7.597256,47.574828],[7.597252,47.574829],[7.597248,47.574831],[7.597245,47.574833],[7.597241,47.574834],[7.597237,47.574836],[7.597233,47.574838],[7.59723,47.57484],[7.597226,47.574841],[7.597222,47.574843],[7.597219,47.574845],[7.597215,47.574846],[7.597211,47.574848],[7.597207,47.57485],[7.597204,47.574852],[7.5972,47.574853],[7.597196,47.574855],[7.597193,47.574857],[7.597189,47.574859],[7.597185,47.57486],[7.597182,47.574862],[7.597178,47.574864],[7.597175,47.574866],[7.597171,47.574867],[7.597167,47.574869],[7.597164,47.574871],[7.59716,47.574873],[7.597156,47.574875],[7.597153,47.574876],[7.597149,47.574878],[7.597146,47.57488],[7.597142,47.574882],[7.597139,47.574884],[7.597135,47.574886],[7.597131,47.574887],[7.597128,47.574889],[7.597124,47.574891],[7.597121,47.574893],[7.597117,47.574895],[7.597114,47.574897],[7.59711,47.574899],[7.597107,47.574901],[7.597103,47.574902],[7.5971,47.574904],[7.597096,47.574906],[7.597093,47.574908],[7.597089,47.57491],[7.597086,47.574912],[7.597082,47.574914],[7.597079,47.574916],[7.597075,47.574918],[7.597072,47.57492],[7.597068,47.574922],[7.597065,47.574924],[7.597061,47.574925],[7.597058,47.574927],[7.597055,47.574929],[7.597051,47.574931],[7.597048,47.574933],[7.597044,47.574935],[7.597041,47.574937],[7.597038,47.574939],[7.597034,47.574941],[7.597031,47.574943],[7.597027,47.574945],[7.597024,47.574947],[7.597021,47.574949],[7.597017,47.574951],[7.597014,47.574953],[7.597011,47.574955],[7.597007,47.574957],[7.597004,47.574959],[7.597001,47.574961],[7.596997,47.574964],[7.596994,47.574966],[7.596991,47.574968],[7.596988,47.57497],[7.596984,47.574972],[7.596981,47.574974],[7.596978,47.574976],[7.596974,47.574978],[7.596971,47.57498],[7.596968,47.574982],[7.596965,47.574984],[7.596962,47.574986],[7.596958,47.574989],[7.596955,47.574991],[7.596952,47.574993],[7.596949,47.574995],[7.596945,47.574997],[7.596942,47.574999],[7.596939,47.575001],[7.596936,47.575003],[7.596933,47.575006],[7.59693,47.575008],[7.596926,47.57501],[7.596923,47.575012],[7.59692,47.575014],[7.596917,47.575016],[7.596914,47.575019],[7.596911,47.575021],[7.596908,47.575023],[7.596905,47.575025],[7.596901,47.575027],[7.596898,47.57503],[7.596895,47.575032],[7.596892,47.575034],[7.596889,47.575036],[7.596886,47.575038],[7.596883,47.575041],[7.59688,47.575043],[7.596877,47.575045],[7.596874,47.575047],[7.596871,47.57505],[7.596868,47.575052],[7.596865,47.575054],[7.596862,47.575056],[7.596859,47.575059],[7.596856,47.575061],[7.596853,47.575063],[7.59685,47.575065],[7.596847,47.575068],[7.596844,47.57507],[7.596841,47.575072],[7.596838,47.575074],[7.596835,47.575077],[7.596832,47.575079],[7.596829,47.575081],[7.596826,47.575084],[7.596824,47.575086],[7.596821,47.575088],[7.596818,47.575091],[7.596815,47.575093],[7.596812,47.575095],[7.596809,47.575098],[7.596806,47.5751],[7.596803,47.575102],[7.596801,47.575105],[7.596798,47.575107],[7.596795,47.575109],[7.596792,47.575112],[7.596789,47.575114],[7.596787,47.575116],[7.596784,47.575119],[7.596781,47.575121],[7.596778,47.575124],[7.596775,47.575126],[7.596773,47.575128],[7.59677,47.575131],[7.596767,47.575133],[7.596764,47.575136],[7.596762,47.575138],[7.596759,47.57514],[7.596756,47.575143],[7.596754,47.575145],[7.596751,47.575148],[7.596748,47.57515],[7.596745,47.575153],[7.596743,47.575155],[7.59674,47.575157],[7.596737,47.57516],[7.596735,47.575162],[7.596732,47.575165],[7.59673,47.575167],[7.596727,47.57517],[7.596724,47.575172],[7.596722,47.575175],[7.596719,47.575177],[7.596717,47.57518],[7.596714,47.575182],[7.596711,47.575185],[7.596709,47.575187],[7.596706,47.57519],[7.596704,47.575192],[7.596701,47.575195],[7.596699,47.575197],[7.596696,47.5752],[7.596694,47.575202],[7.596691,47.575205],[7.596689,47.575207],[7.596686,47.57521],[7.596684,47.575212],[7.596681,47.575215],[7.596679,47.575217],[7.596676,47.57522],[7.596674,47.575222],[7.596671,47.575225],[7.596669,47.575227],[7.596666,47.57523],[7.596664,47.575233],[7.596662,47.575235],[7.596659,47.575238],[7.596657,47.57524],[7.596654,47.575243],[7.596652,47.575245],[7.59665,47.575248],[7.596647,47.575251],[7.596645,47.575253],[7.596643,47.575256],[7.59664,47.575258],[7.596638,47.575261],[7.596636,47.575263],[7.596633,47.575266],[7.596631,47.575269],[7.596629,47.575271],[7.596627,47.575274],[7.596624,47.575277],[7.596622,47.575279],[7.59662,47.575282],[7.596618,47.575284],[7.596615,47.575287],[7.596613,47.57529],[7.596611,47.575292],[7.596609,47.575295],[7.596606,47.575298],[7.596604,47.5753],[7.596602,47.575303],[7.5966,47.575306],[7.596598,47.575308],[7.596596,47.575311],[7.596593,47.575314],[7.596591,47.575316],[7.596589,47.575319],[7.596587,47.575322],[7.596585,47.575324],[7.596583,47.575327],[7.596581,47.57533],[7.596579,47.575332],[7.596577,47.575335],[7.596575,47.575338],[7.596572,47.57534],[7.59657,47.575343],[7.596568,47.575346],[7.596566,47.575348],[7.596564,47.575351],[7.596562,47.575354],[7.59656,47.575357],[7.596558,47.575359],[7.596556,47.575362],[7.596554,47.575365],[7.596552,47.575368],[7.59655,47.57537],[7.596548,47.575373],[7.596547,47.575376],[7.596545,47.575378],[7.596543,47.575381],[7.596541,47.575384],[7.596539,47.575387],[7.596537,47.575389],[7.596535,47.575392],[7.596533,47.575395],[7.596531,47.575398],[7.59653,47.5754],[7.596528,47.575403],[7.596526,47.575406],[7.596524,47.575409],[7.596522,47.575412],[7.59652,47.575414],[7.596519,47.575417],[7.596517,47.57542],[7.596515,47.575423],[7.596513,47.575425],[7.596511,47.575428],[7.59651,47.575431],[7.596508,47.575434],[7.596506,47.575437],[7.596504,47.575439],[7.596503,47.575442],[7.596501,47.575445],[7.596499,47.575448],[7.596498,47.575451],[7.596496,47.575454],[7.596494,47.575456],[7.596493,47.575459],[7.596491,47.575462],[7.596489,47.575465],[7.596488,47.575468],[7.596486,47.57547],[7.596484,47.575473],[7.596483,47.575476],[7.596481,47.575479],[7.59648,47.575482],[7.596478,47.575485],[7.596477,47.575487],[7.596475,47.57549],[7.596473,47.575493],[7.596472,47.575496],[7.59647,47.575499],[7.596469,47.575502],[7.596467,47.575505],[7.596466,47.575507],[7.596464,47.57551],[7.596463,47.575513],[7.596461,47.575516],[7.59646,47.575519],[7.596458,47.575522],[7.596457,47.575525],[7.596456,47.575528],[7.596454,47.57553],[7.596453,47.575533],[7.596451,47.575536],[7.59645,47.575539],[7.596449,47.575542],[7.596447,47.575545],[7.596446,47.575548],[7.596444,47.575551],[7.596443,47.575554],[7.596442,47.575556],[7.59644,47.575559],[7.596439,47.575562],[7.596438,47.575565],[7.596436,47.575568],[7.596435,47.575571],[7.596434,47.575574],[7.596433,47.575577],[7.596431,47.57558],[7.59643,47.575583],[7.595927,47.576759],[7.595923,47.576767],[7.59592,47.576776],[7.595916,47.576785],[7.595912,47.576793],[7.595909,47.576802],[7.595905,47.57681],[7.595901,47.576819],[7.595897,47.576827],[7.595894,47.576836],[7.59589,47.576844],[7.595886,47.576853],[7.595882,47.576862],[7.595879,47.57687],[7.595875,47.576879],[7.595871,47.576887],[7.595867,47.576896],[7.595863,47.576904],[7.59586,47.576913],[7.595856,47.576921],[7.595852,47.57693],[7.595848,47.576938],[7.595844,47.576947],[7.59584,47.576955],[7.595836,47.576964],[7.595832,47.576972],[7.595829,47.576981],[7.595825,47.576989],[7.595821,47.576998],[7.595817,47.577006],[7.595813,47.577015],[7.595809,47.577023],[7.595805,47.577032],[7.595801,47.57704],[7.595797,47.577049],[7.595793,47.577057],[7.595789,47.577066],[7.595785,47.577074],[7.595781,47.577083],[7.595777,47.577091],[7.595773,47.5771],[7.595769,47.577108],[7.595765,47.577117],[7.595761,47.577125],[7.595757,47.577134],[7.595752,47.577142],[7.595748,47.577151],[7.595744,47.577159],[7.59574,47.577168],[7.595736,47.577176],[7.595732,47.577185],[7.595728,47.577193],[7.595724,47.577201],[7.595719,47.57721],[7.595715,47.577218],[7.595711,47.577227],[7.595707,47.577235],[7.595703,47.577244],[7.595698,47.577252],[7.595694,47.577261],[7.59569,47.577269],[7.595686,47.577277],[7.595682,47.577286],[7.595677,47.577294],[7.595673,47.577303],[7.595669,47.577311],[7.595664,47.57732],[7.59566,47.577328],[7.595656,47.577336],[7.595651,47.577345],[7.595647,47.577353],[7.595643,47.577362],[7.595638,47.57737],[7.595634,47.577379],[7.59563,47.577387],[7.595625,47.577395],[7.595621,47.577404],[7.595617,47.577412],[7.595612,47.577421],[7.595608,47.577429],[7.595603,47.577437],[7.595599,47.577446],[7.595595,47.577454],[7.59559,47.577463],[7.595586,47.577471],[7.595581,47.577479],[7.595577,47.577488],[7.595572,47.577496],[7.595568,47.577504],[7.595563,47.577513],[7.595559,47.577521],[7.595554,47.57753],[7.59555,47.577538],[7.595545,47.577546],[7.59554,47.577555],[7.595536,47.577563],[7.595531,47.577571],[7.595527,47.57758],[7.595522,47.577588],[7.595518,47.577596],[7.595513,47.577605],[7.595508,47.577613],[7.595504,47.577621],[7.595499,47.57763],[7.595494,47.577638],[7.59549,47.577647],[7.595485,47.577655],[7.59548,47.577663],[7.595476,47.577672],[7.595471,47.57768],[7.595466,47.577688],[7.595462,47.577696],[7.595457,47.577705],[7.595452,47.577713],[7.595447,47.577721],[7.595443,47.57773],[7.595438,47.577738],[7.595433,47.577746],[7.595428,47.577755],[7.595424,47.577763],[7.595419,47.577771],[7.595414,47.57778],[7.595409,47.577788],[7.595404,47.577796],[7.595399,47.577804],[7.595395,47.577813],[7.59539,47.577821],[7.595385,47.577829],[7.59538,47.577838],[7.595375,47.577846],[7.59537,47.577854],[7.595365,47.577862],[7.59536,47.577871],[7.595356,47.577879],[7.595351,47.577887],[7.595346,47.577895],[7.595341,47.577904],[7.595336,47.577912],[7.595331,47.57792],[7.595326,47.577929],[7.595321,47.577937],[7.595316,47.577945],[7.595311,47.577953],[7.595306,47.577961],[7.595301,47.57797],[7.595296,47.577978],[7.595291,47.577986],[7.595286,47.577994],[7.595281,47.578003],[7.595276,47.578011],[7.59527,47.578019],[7.595265,47.578027],[7.594169,47.579798],[7.594166,47.579803],[7.594163,47.579808],[7.594159,47.579813],[7.594156,47.579818],[7.594153,47.579823],[7.59415,47.579827],[7.594147,47.579832],[7.594144,47.579837],[7.594141,47.579842],[7.594138,47.579847],[7.594135,47.579851],[7.594132,47.579856],[7.594129,47.579861],[7.594126,47.579866],[7.594123,47.579871],[7.594119,47.579875],[7.594116,47.57988],[7.594113,47.579885],[7.59411,47.57989],[7.594107,47.579895],[7.594104,47.579899],[7.5941,47.579904],[7.594097,47.579909],[7.594094,47.579914],[7.594091,47.579918],[7.594088,47.579923],[7.594084,47.579928],[7.594081,47.579933],[7.594078,47.579937],[7.594075,47.579942],[7.594071,47.579947],[7.594068,47.579952],[7.594065,47.579956],[7.594061,47.579961],[7.594058,47.579966],[7.594055,47.579971],[7.594051,47.579975],[7.594048,47.57998],[7.594045,47.579985],[7.594041,47.57999],[7.594038,47.579994],[7.594035,47.579999],[7.594031,47.580004],[7.594028,47.580008],[7.594024,47.580013],[7.594021,47.580018],[7.594018,47.580023],[7.594014,47.580027],[7.594011,47.580032],[7.594007,47.580037],[7.594004,47.580041],[7.594,47.580046],[7.593997,47.580051],[7.593993,47.580055],[7.59399,47.58006],[7.593986,47.580065],[7.593983,47.580069],[7.593979,47.580074],[7.593976,47.580079],[7.593972,47.580083],[7.593969,47.580088],[7.593965,47.580093],[7.593962,47.580097],[7.593958,47.580102],[7.593955,47.580107],[7.593951,47.580111],[7.593947,47.580116],[7.593944,47.580121],[7.59394,47.580125],[7.593937,47.58013],[7.593933,47.580135],[7.593929,47.580139],[7.593926,47.580144],[7.593922,47.580148],[7.593918,47.580153],[7.593915,47.580158],[7.593911,47.580162],[7.593907,47.580167],[7.593904,47.580171],[7.5939,47.580176],[7.593896,47.580181],[7.593892,47.580185],[7.593889,47.58019],[7.593885,47.580194],[7.593881,47.580199],[7.593877,47.580204],[7.593874,47.580208],[7.59387,47.580213],[7.593866,47.580217],[7.593862,47.580222],[7.593858,47.580226],[7.593855,47.580231],[7.593851,47.580236],[7.593847,47.58024],[7.593843,47.580245],[7.593839,47.580249],[7.593835,47.580254],[7.593831,47.580258],[7.593828,47.580263],[7.593824,47.580267],[7.59382,47.580272],[7.593816,47.580276],[7.593812,47.580281],[7.593808,47.580285],[7.593804,47.58029],[7.5938,47.580295],[7.593796,47.580299],[7.593792,47.580304],[7.593788,47.580308],[7.593784,47.580313],[7.59378,47.580317],[7.593776,47.580322],[7.593772,47.580326],[7.593768,47.58033],[7.593764,47.580335],[7.59376,47.580339],[7.593756,47.580344],[7.593752,47.580348],[7.593748,47.580353],[7.593744,47.580357],[7.59374,47.580362],[7.593736,47.580366],[7.593732,47.580371],[7.593728,47.580375],[7.593724,47.58038],[7.59372,47.580384],[7.593716,47.580388],[7.593711,47.580393],[7.593707,47.580397],[7.593703,47.580402],[7.593699,47.580406],[7.593695,47.580411],[7.593691,47.580415],[7.593686,47.580419],[7.593682,47.580424],[7.593678,47.580428],[7.593674,47.580433],[7.59367,47.580437],[7.593665,47.580441],[7.593661,47.580446],[7.593657,47.58045],[7.593653,47.580455],[7.593648,47.580459],[7.593644,47.580463],[7.59364,47.580468],[7.593636,47.580472],[7.593631,47.580477],[7.593627,47.580481],[7.593623,47.580485],[7.593618,47.58049],[7.593614,47.580494],[7.59361,47.580498],[7.593605,47.580503],[7.593601,47.580507],[7.593597,47.580511],[7.593592,47.580516],[7.593588,47.58052],[7.593584,47.580524],[7.593579,47.580529],[7.593575,47.580533],[7.59357,47.580537],[7.593566,47.580542],[7.593562,47.580546],[7.593557,47.58055],[7.593553,47.580554],[7.593548,47.580559],[7.593544,47.580563],[7.593539,47.580567],[7.593535,47.580572],[7.59353,47.580576],[7.593526,47.58058],[7.593521,47.580584],[7.593517,47.580589],[7.593512,47.580593],[7.593508,47.580597],[7.593503,47.580601],[7.593499,47.580606],[7.593494,47.58061],[7.59349,47.580614],[7.593485,47.580618],[7.593481,47.580623],[7.593476,47.580627],[7.593471,47.580631],[7.593467,47.580635],[7.593462,47.58064],[7.593458,47.580644],[7.593453,47.580648],[7.593448,47.580652],[7.593444,47.580656],[7.593439,47.580661],[7.593434,47.580665],[7.59343,47.580669],[7.593425,47.580673],[7.593421,47.580677],[7.593416,47.580681],[7.593411,47.580686],[7.593406,47.58069],[7.593402,47.580694],[7.593397,47.580698],[7.593392,47.580702],[7.593388,47.580706],[7.593383,47.580711],[7.593378,47.580715],[7.593373,47.580719],[7.593369,47.580723],[7.593364,47.580727],[7.593359,47.580731],[7.593354,47.580735],[7.593349,47.58074],[7.593345,47.580744],[7.59334,47.580748],[7.593335,47.580752],[7.59333,47.580756],[7.593325,47.58076],[7.593321,47.580764],[7.593316,47.580768],[7.593311,47.580772],[7.593306,47.580776],[7.593301,47.58078],[7.593296,47.580785],[7.593291,47.580789],[7.593286,47.580793],[7.593282,47.580797],[7.593277,47.580801],[7.593272,47.580805],[7.593267,47.580809],[7.593262,47.580813],[7.593257,47.580817],[7.593252,47.580821],[7.593247,47.580825],[7.593242,47.580829],[7.593237,47.580833],[7.593232,47.580837],[7.593227,47.580841],[7.593222,47.580845],[7.593217,47.580849],[7.593212,47.580853],[7.593207,47.580857],[7.593202,47.580861],[7.593197,47.580865],[7.593192,47.580869],[7.593187,47.580873],[7.593182,47.580877],[7.593177,47.580881],[7.593172,47.580885],[7.593167,47.580889],[7.593162,47.580893],[7.593157,47.580897],[7.593151,47.580901],[7.593146,47.580905],[7.593141,47.580909],[7.593136,47.580913],[7.593131,47.580916],[7.593126,47.58092],[7.593121,47.580924],[7.593115,47.580928],[7.59311,47.580932],[7.593105,47.580936],[7.5931,47.58094],[7.593095,47.580944],[7.59309,47.580948],[7.593084,47.580952],[7.593079,47.580955],[7.593074,47.580959],[7.593069,47.580963],[7.593064,47.580967],[7.593058,47.580971],[7.593053,47.580975],[7.593048,47.580979],[7.593043,47.580983],[7.593037,47.580986],[7.593032,47.58099],[7.593027,47.580994],[7.593021,47.580998],[7.593016,47.581002],[7.593011,47.581006],[7.593006,47.581009],[7.593,47.581013],[7.592995,47.581017],[7.59299,47.581021],[7.592984,47.581025],[7.592979,47.581028],[7.592974,47.581032],[7.592968,47.581036],[7.592963,47.58104],[7.592957,47.581044],[7.592952,47.581047],[7.592947,47.581051],[7.592941,47.581055],[7.592936,47.581059],[7.59293,47.581062],[7.592925,47.581066],[7.59292,47.581069],[7.592915,47.581073],[7.592911,47.581076],[7.592906,47.581079],[7.592901,47.581083],[7.592896,47.581086],[7.592891,47.581089],[7.592886,47.581092],[7.592882,47.581096],[7.592877,47.581099],[7.592872,47.581102],[7.592867,47.581105],[7.592862,47.581109],[7.592857,47.581112],[7.592852,47.581115],[7.592847,47.581118],[7.592842,47.581122],[7.592838,47.581125],[7.592833,47.581128],[7.592828,47.581131],[7.592823,47.581135],[7.592818,47.581138],[7.592813,47.581141],[7.592808,47.581144],[7.592803,47.581147],[7.592798,47.581151],[7.592793,47.581154],[7.592788,47.581157],[7.592783,47.58116],[7.592778,47.581163],[7.592773,47.581166],[7.592768,47.58117],[7.592763,47.581173],[7.592758,47.581176],[7.592753,47.581179],[7.592748,47.581182],[7.592743,47.581185],[7.592738,47.581188],[7.592733,47.581192],[7.592728,47.581195],[7.592723,47.581198],[7.592717,47.581201],[7.592712,47.581204],[7.592707,47.581207],[7.592702,47.58121],[7.592697,47.581213],[7.592692,47.581216],[7.592687,47.581219],[7.592682,47.581222],[7.592677,47.581226],[7.592671,47.581229],[7.592666,47.581232],[7.592661,47.581235],[7.592656,47.581238],[7.592651,47.581241],[7.592646,47.581244],[7.59264,47.581247],[7.592635,47.58125],[7.59263,47.581253],[7.592625,47.581256],[7.59262,47.581259],[7.592614,47.581262],[7.592609,47.581265],[7.592604,47.581268],[7.592599,47.581271],[7.592593,47.581274],[7.592588,47.581277],[7.592583,47.58128],[7.592578,47.581283],[7.592572,47.581286],[7.592567,47.581289],[7.592562,47.581292],[7.592557,47.581295],[7.592551,47.581298],[7.592546,47.581301],[7.592541,47.581303],[7.592535,47.581306],[7.59253,47.581309],[7.592525,47.581312],[7.592519,47.581315],[7.592514,47.581318],[7.592509,47.581321],[7.592503,47.581324],[7.592498,47.581327],[7.592493,47.58133],[7.592487,47.581333],[7.592482,47.581335],[7.592476,47.581338],[7.592471,47.581341],[7.592466,47.581344],[7.59246,47.581347],[7.592455,47.58135],[7.592449,47.581353],[7.592444,47.581355],[7.592439,47.581358],[7.592433,47.581361],[7.592428,47.581364],[7.592422,47.581367],[7.592417,47.581369],[7.592411,47.581372],[7.592406,47.581375],[7.5924,47.581378],[7.592395,47.581381],[7.592389,47.581383],[7.592384,47.581386],[7.592378,47.581389],[7.592373,47.581392],[7.592367,47.581394],[7.592362,47.581397],[7.592356,47.5814],[7.592351,47.581403],[7.592345,47.581405],[7.59234,47.581408],[7.592334,47.581411],[7.592329,47.581414],[7.592323,47.581416],[7.592318,47.581419],[7.592312,47.581422],[7.592306,47.581424],[7.592301,47.581427],[7.592295,47.58143],[7.59229,47.581433],[7.592284,47.581435],[7.592278,47.581438],[7.592273,47.581441],[7.592267,47.581443],[7.592262,47.581446],[7.592256,47.581448],[7.59225,47.581451],[7.592245,47.581454],[7.592239,47.581456],[7.592233,47.581459],[7.592228,47.581462],[7.592222,47.581464],[7.592217,47.581467],[7.592211,47.581469],[7.592205,47.581472],[7.592199,47.581475],[7.592194,47.581477],[7.592188,47.58148],[7.592182,47.581482],[7.592177,47.581485],[7.592171,47.581488],[7.592165,47.58149],[7.59216,47.581493],[7.592154,47.581495],[7.592148,47.581498],[7.592142,47.5815],[7.592137,47.581503],[7.592131,47.581505],[7.592125,47.581508],[7.592119,47.58151],[7.592114,47.581513],[7.592108,47.581515],[7.592102,47.581518],[7.592096,47.58152],[7.59209,47.581523],[7.592085,47.581525],[7.592079,47.581528],[7.592073,47.58153],[7.592067,47.581533],[7.592061,47.581535],[7.592056,47.581538],[7.59205,47.58154],[7.592044,47.581542],[7.592038,47.581545],[7.592032,47.581547],[7.592026,47.58155],[7.592021,47.581552],[7.592015,47.581555],[7.592009,47.581557],[7.592003,47.581559],[7.591997,47.581562],[7.591991,47.581564],[7.591985,47.581567],[7.59198,47.581569],[7.591974,47.581571],[7.591968,47.581574],[7.591962,47.581576],[7.591956,47.581578],[7.59195,47.581581],[7.591944,47.581583],[7.591938,47.581585],[7.591932,47.581588],[7.591926,47.58159],[7.59192,47.581592],[7.591914,47.581595],[7.591908,47.581597],[7.591903,47.581599],[7.591897,47.581601],[7.591891,47.581604],[7.591885,47.581606],[7.591879,47.581608],[7.591873,47.581611],[7.591867,47.581613],[7.591861,47.581615],[7.591855,47.581617],[7.591849,47.58162],[7.591843,47.581622],[7.591837,47.581624],[7.591831,47.581626],[7.591825,47.581629],[7.591819,47.581631],[7.591813,47.581633],[7.591807,47.581635],[7.591801,47.581637],[7.591795,47.58164],[7.591788,47.581642],[7.591782,47.581644],[7.591776,47.581646],[7.59177,47.581648],[7.591764,47.58165],[7.591758,47.581653],[7.591752,47.581655],[7.591746,47.581657],[7.59174,47.581659],[7.591734,47.581661],[7.591728,47.581663],[7.591722,47.581665],[7.591716,47.581667],[7.591709,47.58167],[7.591703,47.581672],[7.591697,47.581674],[7.591691,47.581676],[7.591685,47.581678],[7.591679,47.58168],[7.591673,47.581682],[7.591667,47.581684],[7.59166,47.581686],[7.591654,47.581688],[7.591648,47.58169],[7.591642,47.581692],[7.591636,47.581694],[7.59163,47.581696],[7.591624,47.581698],[7.591617,47.5817],[7.591611,47.581702],[7.591605,47.581704],[7.591599,47.581706],[7.591593,47.581708],[7.591586,47.58171],[7.59158,47.581712],[7.591574,47.581714],[7.591568,47.581716],[7.591562,47.581718],[7.591555,47.58172],[7.591549,47.581722],[7.591543,47.581724],[7.591537,47.581726],[7.59153,47.581728],[7.591524,47.58173],[7.591518,47.581732],[7.591512,47.581734],[7.591505,47.581736],[7.591499,47.581737],[7.591493,47.581739],[7.591487,47.581741],[7.59148,47.581743],[7.591474,47.581745],[7.591468,47.581747],[7.591462,47.581749],[7.591455,47.58175],[7.591449,47.581752],[7.591443,47.581754],[7.591436,47.581756],[7.59143,47.581758],[7.591424,47.58176],[7.591418,47.581761],[7.591411,47.581763],[7.591405,47.581765],[7.591399,47.581767],[7.591392,47.581769],[7.591386,47.58177],[7.59138,47.581772],[7.591373,47.581774],[7.591367,47.581776],[7.591361,47.581777],[7.591354,47.581779],[7.591348,47.581781],[7.591342,47.581783],[7.591335,47.581784],[7.591329,47.581786],[7.591322,47.581788],[7.591316,47.58179],[7.59131,47.581791],[7.591303,47.581793],[7.591297,47.581795],[7.591291,47.581796],[7.591284,47.581798],[7.591278,47.5818],[7.591271,47.581801],[7.591265,47.581803],[7.591259,47.581805],[7.591252,47.581806],[7.591246,47.581808],[7.591239,47.58181],[7.591233,47.581811],[7.591227,47.581813],[7.59122,47.581815],[7.591214,47.581816],[7.591207,47.581818],[7.591201,47.581819],[7.591194,47.581821],[7.591188,47.581823],[7.591182,47.581824],[7.591175,47.581826],[7.591169,47.581827],[7.591162,47.581829],[7.591156,47.58183],[7.591149,47.581832],[7.591143,47.581833],[7.591136,47.581835],[7.59113,47.581836],[7.591123,47.581838],[7.591117,47.58184],[7.59111,47.581841],[7.591104,47.581843],[7.591097,47.581844],[7.591091,47.581846],[7.591084,47.581847],[7.591078,47.581848],[7.591071,47.58185],[7.591065,47.581851],[7.591058,47.581853],[7.591052,47.581854],[7.591045,47.581856],[7.587016,47.582746],[7.587068,47.582884]]],"type":"Polygon"},"properties":{"geo_point_2d":{"lon":7.596932640169799,"lat":47.58253991184919},"wov_id":"19","wov_label":"19","wov_name":"Kleinh\u00fcningen","gemeinde_name":"Basel"}},{"type":"Feature","geometry":{"coordinates":[[[7.649588,47.560544],[7.64931,47.560415],[7.648903,47.560225],[7.648284,47.559936],[7.647282,47.560256],[7.647125,47.560306],[7.646877,47.560385],[7.646512,47.560502],[7.646073,47.560722],[7.645962,47.560753],[7.645082,47.561001],[7.644058,47.56129],[7.643735,47.561287],[7.643694,47.561287],[7.641267,47.56127],[7.640101,47.562004],[7.638338,47.563232],[7.636787,47.563716],[7.636764,47.563724],[7.63674,47.563731],[7.636609,47.563772],[7.636127,47.563923],[7.636121,47.563916],[7.636082,47.563867],[7.635902,47.563643],[7.635744,47.563446],[7.635286,47.562875],[7.63488,47.56237],[7.634836,47.562315],[7.634764,47.562225],[7.634665,47.562102],[7.6346,47.56202],[7.634181,47.562133],[7.634164,47.562108],[7.634161,47.562105],[7.632909,47.562314],[7.632997,47.562543],[7.633036,47.562645],[7.633043,47.562664],[7.633727,47.564449],[7.633756,47.564524],[7.633858,47.564792],[7.633876,47.564839],[7.634149,47.56555],[7.631597,47.567739],[7.631349,47.567952],[7.631219,47.567883],[7.631153,47.567849],[7.630958,47.567746],[7.630432,47.567476],[7.629938,47.567229],[7.629348,47.566945],[7.6288,47.56669],[7.628252,47.566434],[7.627994,47.566684],[7.627985,47.566692],[7.627959,47.566717],[7.627929,47.566746],[7.626207,47.568408],[7.625702,47.568896],[7.625602,47.568992],[7.625503,47.569088],[7.625734,47.569197],[7.624974,47.569931],[7.624636,47.569605],[7.624541,47.569513],[7.624003,47.568994],[7.624,47.568991],[7.623996,47.568988],[7.623992,47.568984],[7.623989,47.568981],[7.623985,47.568978],[7.623981,47.568975],[7.623977,47.568972],[7.623973,47.568969],[7.623969,47.568966],[7.623965,47.568963],[7.623961,47.56896],[7.623957,47.568957],[7.623953,47.568954],[7.623948,47.568952],[7.623944,47.568949],[7.623939,47.568946],[7.623935,47.568944],[7.62393,47.568941],[7.623926,47.568938],[7.623921,47.568936],[7.623916,47.568934],[7.623911,47.568931],[7.623907,47.568929],[7.623902,47.568926],[7.623897,47.568924],[7.623892,47.568922],[7.623887,47.56892],[7.623882,47.568918],[7.623876,47.568916],[7.623871,47.568914],[7.623866,47.568912],[7.623861,47.56891],[7.623855,47.568908],[7.62385,47.568906],[7.623845,47.568904],[7.623839,47.568903],[7.623834,47.568901],[7.623828,47.5689],[7.623823,47.568898],[7.623817,47.568897],[7.623811,47.568895],[7.623806,47.568894],[7.6238,47.568893],[7.623794,47.568891],[7.623789,47.56889],[7.623783,47.568889],[7.623777,47.568888],[7.623771,47.568887],[7.623766,47.568886],[7.62376,47.568885],[7.623754,47.568885],[7.623748,47.568884],[7.623742,47.568883],[7.623736,47.568882],[7.62373,47.568882],[7.623724,47.568881],[7.623718,47.568881],[7.623712,47.568881],[7.623707,47.56888],[7.623701,47.56888],[7.623695,47.56888],[7.623689,47.56888],[7.623683,47.568879],[7.623677,47.568879],[7.623671,47.568879],[7.623665,47.56888],[7.623659,47.56888],[7.623653,47.56888],[7.623647,47.56888],[7.623641,47.568881],[7.623635,47.568881],[7.623629,47.568881],[7.623623,47.568882],[7.623617,47.568882],[7.623611,47.568883],[7.623605,47.568884],[7.6236,47.568885],[7.623594,47.568885],[7.623588,47.568886],[7.623582,47.568887],[7.623576,47.568888],[7.62357,47.568889],[7.623565,47.56889],[7.623559,47.568891],[7.623553,47.568893],[7.623548,47.568894],[7.623542,47.568895],[7.623536,47.568897],[7.623531,47.568898],[7.623525,47.5689],[7.62352,47.568901],[7.623514,47.568903],[7.623509,47.568905],[7.623503,47.568906],[7.623498,47.568908],[7.623493,47.56891],[7.623487,47.568912],[7.623482,47.568914],[7.623477,47.568916],[7.623472,47.568918],[7.623467,47.56892],[7.623462,47.568922],[7.623457,47.568924],[7.623452,47.568927],[7.623447,47.568929],[7.623442,47.568931],[7.623437,47.568934],[7.623432,47.568936],[7.623428,47.568939],[7.623423,47.568941],[7.623419,47.568944],[7.623414,47.568946],[7.62341,47.568949],[7.623405,47.568952],[7.623401,47.568955],[7.623397,47.568957],[7.623392,47.56896],[7.623388,47.568963],[7.623384,47.568966],[7.62338,47.568969],[7.623376,47.568972],[7.623372,47.568975],[7.623368,47.568978],[7.623365,47.568981],[7.623361,47.568985],[7.623357,47.568988],[7.623354,47.568991],[7.62335,47.568994],[7.622691,47.56963],[7.622268,47.570265],[7.622208,47.570356],[7.622181,47.570397],[7.62197,47.570712],[7.621507,47.571785],[7.621476,47.571856],[7.62142,47.571985],[7.621177,47.572547],[7.620802,47.573414],[7.623389,47.575366],[7.623649,47.575507],[7.623703,47.575537],[7.627023,47.577351],[7.626118,47.57811],[7.625267,47.578823],[7.625212,47.578869],[7.624985,47.579059],[7.624689,47.579307],[7.624553,47.579421],[7.625014,47.57962],[7.626444,47.580406],[7.628029,47.58137],[7.629276,47.58227],[7.629427,47.582378],[7.629564,47.582477],[7.629615,47.582514],[7.629713,47.582589],[7.629823,47.582673],[7.629941,47.582763],[7.630362,47.583084],[7.630634,47.583293],[7.630792,47.583414],[7.630924,47.583514],[7.631054,47.583614],[7.631108,47.583655],[7.631416,47.583885],[7.631512,47.583956],[7.631562,47.583993],[7.631661,47.584067],[7.63183,47.584193],[7.632003,47.584322],[7.632141,47.584425],[7.632299,47.584542],[7.632412,47.584627],[7.632516,47.584704],[7.632622,47.584783],[7.632635,47.584792],[7.632958,47.585027],[7.633017,47.585069],[7.633437,47.585374],[7.633578,47.585477],[7.63381,47.585646],[7.633907,47.585716],[7.634067,47.585832],[7.63411,47.585863],[7.634155,47.585917],[7.634188,47.585957],[7.634367,47.58617],[7.634405,47.586216],[7.634477,47.586301],[7.634554,47.586393],[7.634582,47.586427],[7.634821,47.586712],[7.634871,47.586772],[7.635105,47.587022],[7.63538,47.587315],[7.635634,47.587586],[7.636293,47.588229],[7.636402,47.588336],[7.636444,47.588377],[7.636472,47.588394],[7.636589,47.588467],[7.637324,47.588926],[7.637525,47.589052],[7.637693,47.589156],[7.637848,47.589253],[7.638039,47.589372],[7.638327,47.589552],[7.638566,47.589701],[7.638655,47.589757],[7.638729,47.589803],[7.638894,47.589906],[7.639638,47.59037],[7.639795,47.590413],[7.639839,47.590425],[7.641152,47.59078],[7.641537,47.590884],[7.641811,47.590958],[7.641941,47.590993],[7.642094,47.591034],[7.643003,47.59128],[7.643192,47.591331],[7.643248,47.591346],[7.643107,47.591505],[7.64269,47.591978],[7.642661,47.592011],[7.642607,47.592072],[7.642494,47.5922],[7.642486,47.592208],[7.642207,47.592525],[7.642103,47.592643],[7.642063,47.592688],[7.642019,47.592738],[7.641929,47.59284],[7.641894,47.592879],[7.641865,47.592913],[7.64185,47.593173],[7.641831,47.593498],[7.641819,47.593716],[7.641817,47.59375],[7.641791,47.594197],[7.642325,47.594558],[7.642387,47.5946],[7.642444,47.594638],[7.642504,47.594679],[7.642572,47.594725],[7.64269,47.594804],[7.642852,47.594914],[7.642893,47.594942],[7.64297,47.594994],[7.643054,47.595051],[7.643058,47.595053],[7.643179,47.595115],[7.643239,47.595145],[7.643521,47.595289],[7.644074,47.595572],[7.644234,47.595654],[7.644413,47.595746],[7.644842,47.596158],[7.644881,47.596196],[7.64504,47.596349],[7.64514,47.596444],[7.645537,47.596826],[7.645612,47.596898],[7.645677,47.596961],[7.646345,47.596815],[7.646614,47.596757],[7.646653,47.596748],[7.647092,47.596652],[7.647366,47.596593],[7.647614,47.596539],[7.64781,47.596496],[7.648124,47.596427],[7.648257,47.596398],[7.648485,47.596348],[7.648512,47.596343],[7.64855,47.596334],[7.648909,47.596256],[7.648964,47.596244],[7.649022,47.596231],[7.64991,47.59601],[7.651064,47.595722],[7.653059,47.595563],[7.653604,47.595519],[7.653663,47.595514],[7.653703,47.595511],[7.654399,47.595455],[7.654627,47.595437],[7.654747,47.595427],[7.655072,47.595401],[7.655461,47.595302],[7.655685,47.595244],[7.655992,47.595166],[7.65621,47.59511],[7.656235,47.595104],[7.656923,47.594927],[7.65709,47.594884],[7.657137,47.594872],[7.657244,47.594845],[7.657479,47.594785],[7.657659,47.594739],[7.65785,47.59469],[7.658113,47.594622],[7.658516,47.594519],[7.65862,47.594492],[7.658696,47.594473],[7.659116,47.594366],[7.659314,47.594316],[7.659811,47.594189],[7.659918,47.594162],[7.660133,47.594107],[7.660144,47.594104],[7.660299,47.594065],[7.660466,47.594022],[7.660632,47.59398],[7.660724,47.593956],[7.66074,47.593952],[7.661129,47.593853],[7.661557,47.593744],[7.661665,47.593716],[7.661698,47.593708],[7.661757,47.593687],[7.661942,47.593622],[7.662826,47.593309],[7.663053,47.593229],[7.663387,47.59311],[7.663601,47.593035],[7.664628,47.592671],[7.665149,47.592533],[7.66553,47.592432],[7.666019,47.592302],[7.666226,47.592247],[7.66665,47.592134],[7.666872,47.592075],[7.66698,47.592047],[7.667287,47.591965],[7.667338,47.591951],[7.667425,47.591951],[7.667649,47.591949],[7.667882,47.591947],[7.668134,47.591945],[7.668271,47.591944],[7.66876,47.591939],[7.669148,47.591936],[7.669421,47.591934],[7.669662,47.591932],[7.670538,47.591922],[7.671703,47.59191],[7.671981,47.591907],[7.6722,47.591904],[7.672394,47.59191],[7.673228,47.591933],[7.6733,47.591935],[7.67369,47.591946],[7.673947,47.591953],[7.675179,47.591988],[7.675507,47.59305],[7.676135,47.593671],[7.676164,47.593699],[7.676791,47.594319],[7.677186,47.594641],[7.677426,47.594835],[7.678017,47.595316],[7.678072,47.595361],[7.678873,47.595847],[7.679263,47.596084],[7.679595,47.596285],[7.679726,47.596365],[7.680667,47.597198],[7.68068,47.5972],[7.68156,47.597339],[7.681621,47.597387],[7.682281,47.597913],[7.683018,47.598499],[7.683913,47.598634],[7.684828,47.598773],[7.685902,47.598739],[7.687031,47.598703],[7.687993,47.598612],[7.689323,47.598847],[7.690479,47.599217],[7.691646,47.599591],[7.692478,47.600244],[7.693335,47.600918],[7.693802,47.600775],[7.693426,47.600138],[7.693046,47.599492],[7.691984,47.59868],[7.691079,47.598131],[7.690163,47.597575],[7.688784,47.597342],[7.687667,47.59715],[7.6865,47.596951],[7.684725,47.596642],[7.683795,47.596108],[7.683654,47.596027],[7.683495,47.595857],[7.682834,47.595151],[7.682455,47.594755],[7.682124,47.59441],[7.681988,47.594267],[7.681619,47.593957],[7.681413,47.593784],[7.681279,47.593671],[7.680691,47.593178],[7.679589,47.592253],[7.678461,47.591799],[7.677388,47.591368],[7.676453,47.590668],[7.675521,47.58997],[7.674811,47.589439],[7.674778,47.589414],[7.674546,47.589241],[7.674303,47.589062],[7.673762,47.588665],[7.673088,47.58817],[7.672258,47.587615],[7.672031,47.587464],[7.671968,47.587422],[7.671838,47.587335],[7.67175,47.587276],[7.671807,47.586919],[7.671864,47.586566],[7.671923,47.586197],[7.671925,47.586185],[7.671968,47.585918],[7.672016,47.585621],[7.672022,47.585588],[7.67203,47.585537],[7.672077,47.585245],[7.672625,47.585052],[7.672646,47.585045],[7.672977,47.584929],[7.673337,47.584802],[7.67353,47.584734],[7.673539,47.584731],[7.673977,47.584578],[7.674035,47.584558],[7.674371,47.58444],[7.674655,47.584341],[7.674944,47.584239],[7.675327,47.584144],[7.675592,47.584078],[7.675928,47.583994],[7.676318,47.583896],[7.676921,47.583746],[7.677025,47.583721],[7.677136,47.583695],[7.677854,47.583525],[7.678935,47.58327],[7.679873,47.582987],[7.680836,47.582697],[7.680861,47.582689],[7.681031,47.582117],[7.681113,47.581845],[7.681365,47.581],[7.68082,47.581132],[7.680621,47.581027],[7.680117,47.58076],[7.679422,47.580393],[7.679313,47.580357],[7.678937,47.580233],[7.678677,47.580148],[7.678678,47.580058],[7.678679,47.580047],[7.67868,47.57999],[7.678684,47.57977],[7.678508,47.579363],[7.678165,47.578916],[7.677956,47.578587],[7.677733,47.578126],[7.677686,47.577644],[7.677594,47.577305],[7.677455,47.577011],[7.677358,47.576499],[7.677321,47.575965],[7.677369,47.575686],[7.677448,47.575435],[7.677479,47.575234],[7.677609,47.574639],[7.677626,47.574559],[7.677348,47.574349],[7.677299,47.574352],[7.677243,47.574355],[7.677228,47.574356],[7.677225,47.574356],[7.67706,47.574367],[7.676976,47.574372],[7.676966,47.574371],[7.676956,47.57437],[7.676947,47.574368],[7.676937,47.574367],[7.676928,47.574365],[7.676918,47.574363],[7.676909,47.574361],[7.6769,47.574359],[7.67689,47.574357],[7.676881,47.574355],[7.676872,47.574353],[7.676863,47.574351],[7.676853,47.574348],[7.676844,47.574346],[7.676835,47.574343],[7.676826,47.57434],[7.676817,47.574338],[7.676809,47.574335],[7.6768,47.574332],[7.676791,47.574329],[7.676783,47.574325],[7.676774,47.574322],[7.676766,47.574319],[7.676757,47.574315],[7.676749,47.574312],[7.676741,47.574308],[7.676732,47.574305],[7.676724,47.574301],[7.676716,47.574297],[7.676708,47.574293],[7.676701,47.574289],[7.676693,47.574285],[7.676685,47.574281],[7.676678,47.574277],[7.67667,47.574272],[7.676663,47.574268],[7.676656,47.574263],[7.676649,47.574259],[7.676642,47.574254],[7.676635,47.57425],[7.676628,47.574245],[7.676621,47.57424],[7.676614,47.574235],[7.676608,47.57423],[7.676602,47.574225],[7.676595,47.57422],[7.676589,47.574215],[7.676583,47.57421],[7.676577,47.574204],[7.676571,47.574199],[7.676566,47.574194],[7.67656,47.574188],[7.676555,47.574183],[7.676549,47.574177],[7.676544,47.574171],[7.676539,47.574166],[7.676534,47.57416],[7.676529,47.574154],[7.676525,47.574148],[7.67652,47.574142],[7.676516,47.574136],[7.676512,47.574131],[7.676507,47.574124],[7.676503,47.574118],[7.6765,47.574113],[7.676497,47.574109],[7.676493,47.574104],[7.67649,47.574099],[7.676486,47.574094],[7.676482,47.574089],[7.676478,47.574084],[7.676474,47.57408],[7.67647,47.574075],[7.676466,47.57407],[7.676462,47.574066],[7.676457,47.574061],[7.676453,47.574057],[7.676448,47.574052],[7.676444,47.574048],[7.676439,47.574043],[7.676434,47.574039],[7.676429,47.574035],[7.676424,47.57403],[7.676419,47.574026],[7.676414,47.574022],[7.676409,47.574018],[7.676404,47.574014],[7.676398,47.57401],[7.676393,47.574006],[7.676387,47.574002],[7.676381,47.573998],[7.676376,47.573994],[7.67637,47.57399],[7.676364,47.573987],[7.676358,47.573983],[7.676352,47.573979],[7.676135,47.573912],[7.67578,47.573802],[7.675271,47.573905],[7.675028,47.573955],[7.674863,47.573989],[7.673377,47.574037],[7.672744,47.574069],[7.671691,47.573713],[7.670664,47.57363],[7.670176,47.57359],[7.669259,47.573921],[7.669116,47.573952],[7.669085,47.573959],[7.668134,47.574168],[7.66682,47.574473],[7.66681,47.574476],[7.666852,47.574647],[7.666853,47.574651],[7.666854,47.574656],[7.666855,47.574661],[7.666855,47.574665],[7.666855,47.57467],[7.666855,47.574674],[7.666855,47.574679],[7.666854,47.574683],[7.666854,47.574688],[7.666853,47.574692],[7.666852,47.574697],[7.66685,47.574701],[7.666849,47.574706],[7.666847,47.57471],[7.666845,47.574714],[7.666843,47.574719],[7.666841,47.574723],[7.666838,47.574727],[7.666835,47.574731],[7.666832,47.574736],[7.666829,47.57474],[7.666826,47.574743],[7.666823,47.574747],[7.666819,47.574751],[7.666815,47.574755],[7.666811,47.574759],[7.666807,47.574762],[7.666803,47.574766],[7.666798,47.574769],[7.666793,47.574772],[7.666789,47.574775],[7.666784,47.574779],[7.666397,47.575011],[7.666388,47.575015],[7.666379,47.575019],[7.66637,47.575023],[7.666361,47.575026],[7.666352,47.57503],[7.666343,47.575034],[7.666334,47.575037],[7.666325,47.575041],[7.666316,47.575044],[7.666307,47.575048],[7.666297,47.575051],[7.666288,47.575055],[7.666279,47.575058],[7.666269,47.575061],[7.66626,47.575064],[7.66625,47.575067],[7.666241,47.57507],[7.666231,47.575073],[7.666221,47.575076],[7.666212,47.575079],[7.666202,47.575081],[7.666192,47.575084],[7.666182,47.575087],[7.666173,47.575089],[7.666163,47.575092],[7.666153,47.575094],[7.666143,47.575097],[7.666133,47.575099],[7.666123,47.575101],[7.666113,47.575103],[7.666103,47.575105],[7.666093,47.575107],[7.666083,47.575109],[7.666073,47.575111],[7.666062,47.575113],[7.666052,47.575115],[7.666042,47.575117],[7.666032,47.575118],[7.666022,47.57512],[7.666011,47.575121],[7.666001,47.575123],[7.665991,47.575124],[7.66598,47.575126],[7.66597,47.575127],[7.66596,47.575128],[7.665949,47.575129],[7.665939,47.57513],[7.665928,47.575131],[7.665918,47.575132],[7.665907,47.575133],[7.665897,47.575134],[7.665887,47.575135],[7.665876,47.575135],[7.665866,47.575136],[7.665855,47.575136],[7.665845,47.575137],[7.665834,47.575137],[7.665824,47.575137],[7.665813,47.575138],[7.665802,47.575138],[7.665792,47.575138],[7.665781,47.575138],[7.665771,47.575138],[7.66576,47.575138],[7.665236,47.575078],[7.66522,47.575103],[7.665216,47.575111],[7.665051,47.575372],[7.665033,47.575401],[7.664923,47.575575],[7.664309,47.575442],[7.664301,47.575441],[7.664153,47.575409],[7.66357,47.575283],[7.663535,47.575275],[7.662905,47.575139],[7.662532,47.574849],[7.662377,47.574729],[7.662226,47.574509],[7.66195,47.574106],[7.66194,47.574091],[7.661867,47.574056],[7.66164,47.573944],[7.661573,47.573911],[7.661541,47.573895],[7.661659,47.57375],[7.661711,47.573684],[7.661781,47.573598],[7.661842,47.573523],[7.662052,47.573263],[7.662069,47.573242],[7.662242,47.573028],[7.662419,47.572809],[7.662382,47.572795],[7.66205,47.57266],[7.661937,47.572613],[7.661453,47.572416],[7.661571,47.572294],[7.661651,47.572211],[7.661758,47.5721],[7.661875,47.571979],[7.661674,47.571866],[7.661671,47.571865],[7.661643,47.571849],[7.661241,47.571624],[7.661206,47.571605],[7.660904,47.571428],[7.660679,47.57123],[7.660629,47.571186],[7.660224,47.571398],[7.660194,47.571357],[7.66003,47.57113],[7.66,47.571089],[7.659863,47.570901],[7.659827,47.570852],[7.659704,47.570682],[7.65962,47.570525],[7.659583,47.570455],[7.659477,47.570255],[7.659469,47.57024],[7.659443,47.570209],[7.659294,47.570031],[7.659253,47.569982],[7.658985,47.569664],[7.658967,47.569642],[7.658958,47.569631],[7.658938,47.569607],[7.658645,47.569256],[7.658599,47.569083],[7.658552,47.56891],[7.658537,47.568852],[7.6574,47.567687],[7.656752,47.566407],[7.656485,47.565755],[7.656375,47.565642],[7.656351,47.565617],[7.655768,47.56502],[7.655559,47.564806],[7.654528,47.563833],[7.653702,47.562997],[7.653275,47.562654],[7.653158,47.562561],[7.652961,47.562467],[7.652946,47.56246],[7.652931,47.562453],[7.652916,47.562446],[7.652901,47.562438],[7.652887,47.562431],[7.652872,47.562423],[7.652857,47.562416],[7.652842,47.562408],[7.652828,47.562401],[7.652813,47.562393],[7.652799,47.562385],[7.652784,47.562377],[7.65277,47.56237],[7.652756,47.562362],[7.652741,47.562354],[7.652727,47.562346],[7.652713,47.562338],[7.652699,47.56233],[7.652685,47.562321],[7.652671,47.562313],[7.652657,47.562305],[7.652644,47.562296],[7.65263,47.562288],[7.652616,47.56228],[7.652603,47.562271],[7.652589,47.562263],[7.652576,47.562254],[7.652563,47.562245],[7.652549,47.562237],[7.652536,47.562228],[7.652523,47.562219],[7.65251,47.56221],[7.652371,47.562116],[7.652651,47.561782],[7.651759,47.56144],[7.650357,47.560902],[7.649588,47.560544]]],"type":"Polygon"},"properties":{"geo_point_2d":{"lon":7.651189828579155,"lat":47.579467394054},"wov_id":"20","wov_label":"20","wov_name":"Riehen","gemeinde_name":"Riehen"}},{"type":"Feature","geometry":{"coordinates":[[[7.652371,47.562116],[7.65251,47.56221],[7.652523,47.562219],[7.652536,47.562228],[7.652549,47.562237],[7.652563,47.562245],[7.652576,47.562254],[7.652589,47.562263],[7.652603,47.562271],[7.652616,47.56228],[7.65263,47.562288],[7.652644,47.562296],[7.652657,47.562305],[7.652671,47.562313],[7.652685,47.562321],[7.652699,47.56233],[7.652713,47.562338],[7.652727,47.562346],[7.652741,47.562354],[7.652756,47.562362],[7.65277,47.56237],[7.652784,47.562377],[7.652799,47.562385],[7.652813,47.562393],[7.652828,47.562401],[7.652842,47.562408],[7.652857,47.562416],[7.652872,47.562423],[7.652887,47.562431],[7.652901,47.562438],[7.652916,47.562446],[7.652931,47.562453],[7.652946,47.56246],[7.652961,47.562467],[7.653158,47.562561],[7.653275,47.562654],[7.653702,47.562997],[7.654528,47.563833],[7.655559,47.564806],[7.655768,47.56502],[7.656351,47.565617],[7.656375,47.565642],[7.656485,47.565755],[7.656752,47.566407],[7.6574,47.567687],[7.658537,47.568852],[7.658552,47.56891],[7.658599,47.569083],[7.658645,47.569256],[7.658938,47.569607],[7.658958,47.569631],[7.658967,47.569642],[7.658985,47.569664],[7.659253,47.569982],[7.659294,47.570031],[7.659443,47.570209],[7.659469,47.57024],[7.659477,47.570255],[7.659583,47.570455],[7.65962,47.570525],[7.659704,47.570682],[7.659827,47.570852],[7.659863,47.570901],[7.66,47.571089],[7.66003,47.57113],[7.660194,47.571357],[7.660224,47.571398],[7.660629,47.571186],[7.660679,47.57123],[7.660904,47.571428],[7.661206,47.571605],[7.661241,47.571624],[7.661643,47.571849],[7.661671,47.571865],[7.661674,47.571866],[7.661875,47.571979],[7.661758,47.5721],[7.661651,47.572211],[7.661571,47.572294],[7.661453,47.572416],[7.661937,47.572613],[7.66205,47.57266],[7.662382,47.572795],[7.662419,47.572809],[7.662242,47.573028],[7.662069,47.573242],[7.662052,47.573263],[7.661842,47.573523],[7.661781,47.573598],[7.661711,47.573684],[7.661659,47.57375],[7.661541,47.573895],[7.661573,47.573911],[7.66164,47.573944],[7.661867,47.574056],[7.66194,47.574091],[7.66195,47.574106],[7.662226,47.574509],[7.662377,47.574729],[7.662532,47.574849],[7.662905,47.575139],[7.663535,47.575275],[7.66357,47.575283],[7.664153,47.575409],[7.664301,47.575441],[7.664309,47.575442],[7.664923,47.575575],[7.665033,47.575401],[7.665051,47.575372],[7.665216,47.575111],[7.66522,47.575103],[7.665236,47.575078],[7.66576,47.575138],[7.665771,47.575138],[7.665781,47.575138],[7.665792,47.575138],[7.665802,47.575138],[7.665813,47.575138],[7.665824,47.575137],[7.665834,47.575137],[7.665845,47.575137],[7.665855,47.575136],[7.665866,47.575136],[7.665876,47.575135],[7.665887,47.575135],[7.665897,47.575134],[7.665907,47.575133],[7.665918,47.575132],[7.665928,47.575131],[7.665939,47.57513],[7.665949,47.575129],[7.66596,47.575128],[7.66597,47.575127],[7.66598,47.575126],[7.665991,47.575124],[7.666001,47.575123],[7.666011,47.575121],[7.666022,47.57512],[7.666032,47.575118],[7.666042,47.575117],[7.666052,47.575115],[7.666062,47.575113],[7.666073,47.575111],[7.666083,47.575109],[7.666093,47.575107],[7.666103,47.575105],[7.666113,47.575103],[7.666123,47.575101],[7.666133,47.575099],[7.666143,47.575097],[7.666153,47.575094],[7.666163,47.575092],[7.666173,47.575089],[7.666182,47.575087],[7.666192,47.575084],[7.666202,47.575081],[7.666212,47.575079],[7.666221,47.575076],[7.666231,47.575073],[7.666241,47.57507],[7.66625,47.575067],[7.66626,47.575064],[7.666269,47.575061],[7.666279,47.575058],[7.666288,47.575055],[7.666297,47.575051],[7.666307,47.575048],[7.666316,47.575044],[7.666325,47.575041],[7.666334,47.575037],[7.666343,47.575034],[7.666352,47.57503],[7.666361,47.575026],[7.66637,47.575023],[7.666379,47.575019],[7.666388,47.575015],[7.666397,47.575011],[7.666784,47.574779],[7.666789,47.574775],[7.666793,47.574772],[7.666798,47.574769],[7.666803,47.574766],[7.666807,47.574762],[7.666811,47.574759],[7.666815,47.574755],[7.666819,47.574751],[7.666823,47.574747],[7.666826,47.574743],[7.666829,47.57474],[7.666832,47.574736],[7.666835,47.574731],[7.666838,47.574727],[7.666841,47.574723],[7.666843,47.574719],[7.666845,47.574714],[7.666847,47.57471],[7.666849,47.574706],[7.66685,47.574701],[7.666852,47.574697],[7.666853,47.574692],[7.666854,47.574688],[7.666854,47.574683],[7.666855,47.574679],[7.666855,47.574674],[7.666855,47.57467],[7.666855,47.574665],[7.666855,47.574661],[7.666854,47.574656],[7.666853,47.574651],[7.666852,47.574647],[7.66681,47.574476],[7.66682,47.574473],[7.668134,47.574168],[7.669085,47.573959],[7.669116,47.573952],[7.669259,47.573921],[7.670176,47.57359],[7.670664,47.57363],[7.671691,47.573713],[7.672744,47.574069],[7.673377,47.574037],[7.674863,47.573989],[7.675028,47.573955],[7.675271,47.573905],[7.67578,47.573802],[7.676135,47.573912],[7.676352,47.573979],[7.676358,47.573983],[7.676364,47.573987],[7.67637,47.57399],[7.676376,47.573994],[7.676381,47.573998],[7.676387,47.574002],[7.676393,47.574006],[7.676398,47.57401],[7.676404,47.574014],[7.676409,47.574018],[7.676414,47.574022],[7.676419,47.574026],[7.676424,47.57403],[7.676429,47.574035],[7.676434,47.574039],[7.676439,47.574043],[7.676444,47.574048],[7.676448,47.574052],[7.676453,47.574057],[7.676457,47.574061],[7.676462,47.574066],[7.676466,47.57407],[7.67647,47.574075],[7.676474,47.57408],[7.676478,47.574084],[7.676482,47.574089],[7.676486,47.574094],[7.67649,47.574099],[7.676493,47.574104],[7.676497,47.574109],[7.6765,47.574113],[7.676503,47.574118],[7.676507,47.574124],[7.676512,47.574131],[7.676516,47.574136],[7.67652,47.574142],[7.676525,47.574148],[7.676529,47.574154],[7.676534,47.57416],[7.676539,47.574166],[7.676544,47.574171],[7.676549,47.574177],[7.676555,47.574183],[7.67656,47.574188],[7.676566,47.574194],[7.676571,47.574199],[7.676577,47.574204],[7.676583,47.57421],[7.676589,47.574215],[7.676595,47.57422],[7.676602,47.574225],[7.676608,47.57423],[7.676614,47.574235],[7.676621,47.57424],[7.676628,47.574245],[7.676635,47.57425],[7.676642,47.574254],[7.676649,47.574259],[7.676656,47.574263],[7.676663,47.574268],[7.67667,47.574272],[7.676678,47.574277],[7.676685,47.574281],[7.676693,47.574285],[7.676701,47.574289],[7.676708,47.574293],[7.676716,47.574297],[7.676724,47.574301],[7.676732,47.574305],[7.676741,47.574308],[7.676749,47.574312],[7.676757,47.574315],[7.676766,47.574319],[7.676774,47.574322],[7.676783,47.574325],[7.676791,47.574329],[7.6768,47.574332],[7.676809,47.574335],[7.676817,47.574338],[7.676826,47.57434],[7.676835,47.574343],[7.676844,47.574346],[7.676853,47.574348],[7.676863,47.574351],[7.676872,47.574353],[7.676881,47.574355],[7.67689,47.574357],[7.6769,47.574359],[7.676909,47.574361],[7.676918,47.574363],[7.676928,47.574365],[7.676937,47.574367],[7.676947,47.574368],[7.676956,47.57437],[7.676966,47.574371],[7.676976,47.574372],[7.67706,47.574367],[7.677225,47.574356],[7.677228,47.574356],[7.677243,47.574355],[7.677299,47.574352],[7.677348,47.574349],[7.677626,47.574559],[7.677609,47.574639],[7.677479,47.575234],[7.677448,47.575435],[7.677369,47.575686],[7.677321,47.575965],[7.677358,47.576499],[7.677455,47.577011],[7.677594,47.577305],[7.677686,47.577644],[7.677733,47.578126],[7.677956,47.578587],[7.678165,47.578916],[7.678508,47.579363],[7.678684,47.57977],[7.67868,47.57999],[7.678679,47.580047],[7.678678,47.580058],[7.678677,47.580148],[7.678937,47.580233],[7.679313,47.580357],[7.679422,47.580393],[7.680117,47.58076],[7.680621,47.581027],[7.68082,47.581132],[7.681365,47.581],[7.681472,47.580313],[7.68148,47.58026],[7.681534,47.579914],[7.68156,47.579745],[7.681582,47.579606],[7.681591,47.579549],[7.6816,47.579492],[7.681618,47.57937],[7.681623,47.579346],[7.681632,47.5793],[7.681638,47.579265],[7.681819,47.578299],[7.681933,47.577713],[7.681908,47.577461],[7.682557,47.577236],[7.683024,47.577032],[7.683862,47.576662],[7.683826,47.575633],[7.683753,47.574775],[7.683679,47.57391],[7.684314,47.5738],[7.685513,47.573092],[7.686836,47.572839],[7.688135,47.572584],[7.688922,47.57243],[7.689326,47.571868],[7.689663,47.571403],[7.689626,47.571349],[7.689293,47.570864],[7.6889,47.570291],[7.688551,47.56994],[7.687887,47.569226],[7.687109,47.568389],[7.686835,47.567697],[7.686543,47.567002],[7.686242,47.566307],[7.685928,47.565615],[7.685185,47.566556],[7.684755,47.5671],[7.68449,47.567435],[7.684118,47.567907],[7.683763,47.568356],[7.68343,47.568426],[7.683537,47.569213],[7.683571,47.569506],[7.683585,47.56962],[7.683723,47.57054],[7.683559,47.571093],[7.683509,47.571258],[7.68297,47.57108],[7.682105,47.570793],[7.682035,47.57077],[7.682009,47.570761],[7.681031,47.570437],[7.680094,47.569982],[7.67911,47.569505],[7.67845,47.568966],[7.678106,47.568442],[7.678051,47.56836],[7.677691,47.567811],[7.676752,47.566988],[7.675705,47.565941],[7.675586,47.56583],[7.675153,47.565427],[7.675216,47.565413],[7.675466,47.565355],[7.675575,47.565331],[7.675685,47.565305],[7.675827,47.565273],[7.676207,47.565186],[7.676417,47.565138],[7.676518,47.565114],[7.67703,47.564997],[7.677154,47.564969],[7.677288,47.564938],[7.677325,47.56375],[7.677085,47.563712],[7.676871,47.563679],[7.676503,47.563622],[7.676463,47.563616],[7.676232,47.56358],[7.675962,47.563538],[7.675825,47.563517],[7.675624,47.563486],[7.675533,47.563484],[7.675018,47.563473],[7.674848,47.563469],[7.674726,47.563466],[7.674615,47.563464],[7.674462,47.563461],[7.674242,47.56349],[7.674162,47.563501],[7.673852,47.563543],[7.673488,47.563591],[7.673409,47.563602],[7.673125,47.56364],[7.673036,47.563652],[7.672896,47.563671],[7.672736,47.563692],[7.672655,47.563703],[7.672457,47.56373],[7.67238,47.564433],[7.672318,47.565007],[7.672324,47.565058],[7.672327,47.565085],[7.672365,47.565416],[7.672368,47.565445],[7.671685,47.565599],[7.670981,47.565758],[7.670708,47.565819],[7.670452,47.565829],[7.670227,47.565837],[7.669472,47.565667],[7.669356,47.565645],[7.668926,47.565568],[7.667495,47.56531],[7.666179,47.565147],[7.666122,47.56514],[7.665969,47.56512],[7.6659,47.565111],[7.66581,47.565099],[7.665686,47.565082],[7.665558,47.565065],[7.665333,47.565123],[7.665011,47.565205],[7.664235,47.565404],[7.66327,47.565238],[7.662281,47.565069],[7.660745,47.564799],[7.659811,47.56465],[7.659735,47.564638],[7.659445,47.564592],[7.658967,47.564515],[7.65876,47.564482],[7.658346,47.564187],[7.6579,47.563869],[7.657533,47.563631],[7.656764,47.563134],[7.656721,47.563073],[7.656439,47.562673],[7.656164,47.562283],[7.655463,47.562322],[7.654544,47.562372],[7.653671,47.562105],[7.652794,47.561837],[7.652651,47.561782],[7.652371,47.562116]]],"type":"Polygon"},"properties":{"geo_point_2d":{"lon":7.672205386137771,"lat":47.57037519101819},"wov_id":"30","wov_label":"30","wov_name":"Bettingen","gemeinde_name":"Bettingen"}}]}